DROP TABLE HB_ADULT CASCADE CONSTRAINTS;
DROP TABLE HB_PARENT CASCADE CONSTRAINTS;
DROP TABLE HB_PARENT_INFO CASCADE CONSTRAINTS;
DROP TABLE HB_GUARDIAN CASCADE CONSTRAINTS;
DROP TABLE HB_EMPLOYEE CASCADE CONSTRAINTS;
DROP TABLE HB_CHILD CASCADE CONSTRAINTS;
DROP TABLE HB_ADMITTED_STUDENT CASCADE CONSTRAINTS;
DROP TABLE HB_STUDENT_HISTORY CASCADE CONSTRAINTS;
DROP TABLE HB_COURSE CASCADE CONSTRAINTS;
DROP TABLE HB_REGISTERATION CASCADE CONSTRAINTS;
DROP TABLE HB_REGISTERATION_HISTORY CASCADE CONSTRAINTS;
DROP TABLE HB_CLASS CASCADE CONSTRAINTS;
DROP TABLE HB_SECTION CASCADE CONSTRAINTS;
DROP TABLE HB_CLASS_ASSIGNMENT CASCADE CONSTRAINTS;
DROP TABLE HB_ACCOMPANY_RECORD CASCADE CONSTRAINTS;
DROP TABLE HB_CLASS_ASSIGNMENT_HIST CASCADE CONSTRAINTS;
DROP TABLE HB_NEW_CLASS_ASSIGNMENT CASCADE CONSTRAINTS;

DROP VIEW CHILDREN_PARENTS;
DROP VIEW CHILD_INFO;
DROP VIEW CLASS_STUDENTS;
DROP VIEW PARENTS;
DROP VIEW FATHERS;
DROP VIEW MOTHERS;
DROP VIEW GUARDIANS;

set linesize 3000
set pagesize 3000

PURGE RECYCLEBIN;

/* Showing results for Adult.xlsx */

/* CREATE TABLE */
CREATE TABLE HB_ADULT(
    PERSON_ID NUMBER(10) PRIMARY KEY,
    NAME VARCHAR2(30) NOT NULL,
    EMAIL VARCHAR2(30),
    CONTACT VARCHAR2(13) NOT NULL,
    CNIC VARCHAR2(20) NOT NULL,
    ADDRESS VARCHAR2(40) NOT NULL,
    GENDER VARCHAR2(1) NOT NULL
);

/* INSERT QUERY NO: 1 */
INSERT INTO HB_ADULT(PERSON_ID, NAME, EMAIL, CONTACT, CNIC, ADDRESS, GENDER)
VALUES
(
5000, 'Mia Brown', 'brown.mia@hotmail.com', 3001111111, '33202-1824588-1', 'House#1', 'F'
);

/* INSERT QUERY NO: 2 */
INSERT INTO HB_ADULT(PERSON_ID, NAME, EMAIL, CONTACT, CNIC, ADDRESS, GENDER)
VALUES
(
5001, 'William LaRotonda', 'laRotonda.william@gmail.com', 3001111112, '33202-1824588-2', 'House#2', 'M'
);

/* INSERT QUERY NO: 3 */
INSERT INTO HB_ADULT(PERSON_ID, NAME, EMAIL, CONTACT, CNIC, ADDRESS, GENDER)
VALUES
(
5002, 'Tyrone Steans', 'steans.tyrone@hotmail.com', 3001111113, '25363-4891133-5', 'House#3', 'M'
);

/* INSERT QUERY NO: 4 */
INSERT INTO HB_ADULT(PERSON_ID, NAME, EMAIL, CONTACT, CNIC, ADDRESS, GENDER)
VALUES
(
5003, 'Estelle Howard', 'howard.estelle@hotmail.com', 3001111114, '51315-8315355-6', 'House#4', 'F'
);

/* INSERT QUERY NO: 5 */
INSERT INTO HB_ADULT(PERSON_ID, NAME, EMAIL, CONTACT, CNIC, ADDRESS, GENDER)
VALUES
(
5004, 'Nan Singh', 'singh.nan@gmail.com', 3001111115, '33202-1824588-5', 'House#5', 'F'
);

/* INSERT QUERY NO: 6 */
INSERT INTO HB_ADULT(PERSON_ID, NAME, EMAIL, CONTACT, CNIC, ADDRESS, GENDER)
VALUES
(
5005, 'Leigh Ann Smith', 'smith.leigh.ann@yahoo.com', 3001111116, '33202-2822588-6', 'House#6', 'F'
);

/* INSERT QUERY NO: 7 */
INSERT INTO HB_ADULT(PERSON_ID, NAME, EMAIL, CONTACT, CNIC, ADDRESS, GENDER)
VALUES
(
5006, 'Jessica Bunbury', 'bunbury.jessica@gmail.com', 3001111117, '39458-3365179-2', 'House#7', 'F'
);

/* INSERT QUERY NO: 8 */
INSERT INTO HB_ADULT(PERSON_ID, NAME, EMAIL, CONTACT, CNIC, ADDRESS, GENDER)
VALUES
(
5007, 'Michelle Carter', 'carter.michelle@gmail.com', 3001111118, '33202-1936548-9', 'House#8', 'F'
);

/* INSERT QUERY NO: 9 */
INSERT INTO HB_ADULT(PERSON_ID, NAME, EMAIL, CONTACT, CNIC, ADDRESS, GENDER)
VALUES
(
5008, 'Jenna Dietrich', 'dietrich.jenna@gmail.com', 3001111119, '16222-2569521-9', 'House#9', 'F'
);

/* INSERT QUERY NO: 10 */
INSERT INTO HB_ADULT(PERSON_ID, NAME, EMAIL, CONTACT, CNIC, ADDRESS, GENDER)
VALUES
(
5009, 'Alfred Digitale', 'digitale.alfred@hotmail.com', 3001111120, '16222-2569521-8', 'House#10', 'M'
);

/* INSERT QUERY NO: 11 */
INSERT INTO HB_ADULT(PERSON_ID, NAME, EMAIL, CONTACT, CNIC, ADDRESS, GENDER)
VALUES
(
5010, 'Friedman Gerry', 'friedman.gerry@gmail.com', 3001111121, '33202-8214933-9', 'House#11', 'M'
);

/* INSERT QUERY NO: 12 */
INSERT INTO HB_ADULT(PERSON_ID, NAME, EMAIL, CONTACT, CNIC, ADDRESS, GENDER)
VALUES
(
5011, 'Gill Whitney', 'gill.whitney@yahoo.com', 3001111122, '35151-6513536-7', 'House#12', 'F'
);

/* INSERT QUERY NO: 13 */
INSERT INTO HB_ADULT(PERSON_ID, NAME, EMAIL, CONTACT, CNIC, ADDRESS, GENDER)
VALUES
(
5012, 'Ricardo Gonzales', 'gonzales.ricardo@hotmail.com', 3001111123, '33202-1824588-4', 'House#13', 'M'
);

/* INSERT QUERY NO: 14 */
INSERT INTO HB_ADULT(PERSON_ID, NAME, EMAIL, CONTACT, CNIC, ADDRESS, GENDER)
VALUES
(
5013, 'Mike Guilianno', 'guilianno.mike@yahoo.com', 3001111124, '33320-1515365-8', 'House#14', 'M'
);

/* INSERT QUERY NO: 15 */
INSERT INTO HB_ADULT(PERSON_ID, NAME, EMAIL, CONTACT, CNIC, ADDRESS, GENDER)
VALUES
(
5014, 'Leruth Giovanni', 'leruth.giovanni@gmail.com', 3001111125, '16222-4848412-1', 'House#15', 'M'
);

/* INSERT QUERY NO: 16 */
INSERT INTO HB_ADULT(PERSON_ID, NAME, EMAIL, CONTACT, CNIC, ADDRESS, GENDER)
VALUES
(
5015, 'Howard Mullaney', 'mullaney.howard@gmail.com', 3001111126, '16222-2569521-1', 'House#16', 'M'
);

/* INSERT QUERY NO: 17 */
INSERT INTO HB_ADULT(PERSON_ID, NAME, EMAIL, CONTACT, CNIC, ADDRESS, GENDER)
VALUES
(
5016, 'Ozark Travis', 'ozark.travis@gmail.com', 3001111127, '332569-613523-3', 'House#17', 'M'
);

/* INSERT QUERY NO: 18 */
INSERT INTO HB_ADULT(PERSON_ID, NAME, EMAIL, CONTACT, CNIC, ADDRESS, GENDER)
VALUES
(
5017, 'Caitrin Strong', 'strong.caitrin@gmail.com', 3001111128, '315318-987561-2', 'House#18', 'F'
);

/* INSERT QUERY NO: 19 */
INSERT INTO HB_ADULT(PERSON_ID, NAME, EMAIL, CONTACT, CNIC, ADDRESS, GENDER)
VALUES
(
5018, 'Jackie Valentin', 'valentin.jackie@gmail.com', 3001111129, '16222-2569521-1', 'House#19', 'F'
);

/* INSERT QUERY NO: 20 */
INSERT INTO HB_ADULT(PERSON_ID, NAME, EMAIL, CONTACT, CNIC, ADDRESS, GENDER)
VALUES
(
5019, 'Renee Becker', 'becker.renee@yahoo.com', 3001111130, '16222-2569521-2', 'House#20', 'F'
);

/* INSERT QUERY NO: 21 */
INSERT INTO HB_ADULT(PERSON_ID, NAME, EMAIL, CONTACT, CNIC, ADDRESS, GENDER)
VALUES
(
5020, 'Taisha Goble', 'goble.taisha@hotmail.com', 3001111131, '16222-2569521-3', 'House#21', 'F'
);

/* INSERT QUERY NO: 22 */
INSERT INTO HB_ADULT(PERSON_ID, NAME, EMAIL, CONTACT, CNIC, ADDRESS, GENDER)
VALUES
(
5021, 'Daniff Hernandez', 'hernandez.daniff@gmail.com', 3001111132, '16222-2569521-4', 'House#22', 'M'
);

/* INSERT QUERY NO: 23 */
INSERT INTO HB_ADULT(PERSON_ID, NAME, EMAIL, CONTACT, CNIC, ADDRESS, GENDER)
VALUES
(
5022, 'Jayne Horton', 'horton.jayne@hotmail.com', 3001111133, '16222-2569521-5', 'House#23', 'F'
);

/* INSERT QUERY NO: 24 */
INSERT INTO HB_ADULT(PERSON_ID, NAME, EMAIL, CONTACT, CNIC, ADDRESS, GENDER)
VALUES
(
5023, 'Noelle Johnson', 'johnson.noelle.@hotmail.com', 3001111134, '16222-2569521-6', 'House#24', 'F'
);

/* INSERT QUERY NO: 25 */
INSERT INTO HB_ADULT(PERSON_ID, NAME, EMAIL, CONTACT, CNIC, ADDRESS, GENDER)
VALUES
(
5024, 'Thomas Murray', 'murray.thomas@yahoo.com', 3001111135, '16222-2569521-7', 'House#25', 'M'
);

/* INSERT QUERY NO: 26 */
INSERT INTO HB_ADULT(PERSON_ID, NAME, EMAIL, CONTACT, CNIC, ADDRESS, GENDER)
VALUES
(
5025, 'Randall Pearson', 'pearson.randall@gmail.com', 3001111136, '16333-2569521-1', 'House#26', 'M'
);

/* INSERT QUERY NO: 27 */
INSERT INTO HB_ADULT(PERSON_ID, NAME, EMAIL, CONTACT, CNIC, ADDRESS, GENDER)
VALUES
(
5026, 'Thelma Petrowsky', 'petrowsky.thelma@gmail.com', 3001111137, '16333-2569521-2', 'House#27', 'F'
);

/* INSERT QUERY NO: 28 */
INSERT INTO HB_ADULT(PERSON_ID, NAME, EMAIL, CONTACT, CNIC, ADDRESS, GENDER)
VALUES
(
5027, 'Lori Roby', 'roby.lori.@yahoo.com', 3001111138, '16333-2569521-3', 'House#28', 'F'
);

/* INSERT QUERY NO: 29 */
INSERT INTO HB_ADULT(PERSON_ID, NAME, EMAIL, CONTACT, CNIC, ADDRESS, GENDER)
VALUES
(
5028, 'Ivan Rogers', 'rogers.ivan@hotmail.com', 3001111139, '16333-2569521-4', 'House#29', 'M'
);

/* INSERT QUERY NO: 30 */
INSERT INTO HB_ADULT(PERSON_ID, NAME, EMAIL, CONTACT, CNIC, ADDRESS, GENDER)
VALUES
(
5029, 'Jason Salter', 'salter.jason@yahoo.com', 3001111140, '16333-2569521-5', 'House#30', 'M'
);

/* INSERT QUERY NO: 31 */
INSERT INTO HB_ADULT(PERSON_ID, NAME, EMAIL, CONTACT, CNIC, ADDRESS, GENDER)
VALUES
(
5030, 'Kramer Simard', 'simard.kramer@gmail.com', 3001111141, '16333-2569521-6', 'House#31', 'M'
);

/* INSERT QUERY NO: 32 */
INSERT INTO HB_ADULT(PERSON_ID, NAME, EMAIL, CONTACT, CNIC, ADDRESS, GENDER)
VALUES
(
5031, 'Julia Zhou', 'zhou.julia@yahoo.com', 3001111142, '16333-2569521-7', 'House#32', 'F'
);

/* INSERT QUERY NO: 33 */
INSERT INTO HB_ADULT(PERSON_ID, NAME, EMAIL, CONTACT, CNIC, ADDRESS, GENDER)
VALUES
(
5032, 'Elisa Bramante', 'bramante.elisa@hotmail.com', 3001111143, '16333-2569521-8', 'House#33', 'F'
);

/* INSERT QUERY NO: 34 */
INSERT INTO HB_ADULT(PERSON_ID, NAME, EMAIL, CONTACT, CNIC, ADDRESS, GENDER)
VALUES
(
5033, 'Debra Houlihan', 'houlihan.debra@hotmail.com', 3001111144, '16333-2569521-9', 'House#34', 'F'
);

/* INSERT QUERY NO: 35 */
INSERT INTO HB_ADULT(PERSON_ID, NAME, EMAIL, CONTACT, CNIC, ADDRESS, GENDER)
VALUES
(
5034, 'Jason Foss', 'foss.jason@yahoo.com', 3001111145, '16444-2569521-1', 'House#35', 'M'
);


/* Showing results for Parent_Info.xlsx */

/* CREATE TABLE */
CREATE TABLE HB_PARENT_INFO(
    PARENT_ID NUMBER(10),
    PERSON_ID NUMBER(10)
);

/* INSERT QUERY NO: 1 */
INSERT INTO HB_PARENT_INFO(PARENT_ID, PERSON_ID)
VALUES
(
2000, 5000
);

/* INSERT QUERY NO: 2 */
INSERT INTO HB_PARENT_INFO(PARENT_ID, PERSON_ID)
VALUES
(
2000, 5001
);

/* INSERT QUERY NO: 3 */
INSERT INTO HB_PARENT_INFO(PARENT_ID, PERSON_ID)
VALUES
(
2001, 5002
);

/* INSERT QUERY NO: 4 */
INSERT INTO HB_PARENT_INFO(PARENT_ID, PERSON_ID)
VALUES
(
2001, 5003
);

/* INSERT QUERY NO: 5 */
INSERT INTO HB_PARENT_INFO(PARENT_ID, PERSON_ID)
VALUES
(
2002, 5004
);

/* INSERT QUERY NO: 6 */
INSERT INTO HB_PARENT_INFO(PARENT_ID, PERSON_ID)
VALUES
(
2002, 5009
);

/* INSERT QUERY NO: 7 */
INSERT INTO HB_PARENT_INFO(PARENT_ID, PERSON_ID)
VALUES
(
2003, 5005
);

/* INSERT QUERY NO: 8 */
INSERT INTO HB_PARENT_INFO(PARENT_ID, PERSON_ID)
VALUES
(
2003, 5010
);

/* INSERT QUERY NO: 9 */
INSERT INTO HB_PARENT_INFO(PARENT_ID, PERSON_ID)
VALUES
(
2004, 5006
);

/* INSERT QUERY NO: 10 */
INSERT INTO HB_PARENT_INFO(PARENT_ID, PERSON_ID)
VALUES
(
2004, 5012
);

/* INSERT QUERY NO: 11 */
INSERT INTO HB_PARENT_INFO(PARENT_ID, PERSON_ID)
VALUES
(
2005, 5013
);

/* INSERT QUERY NO: 12 */
INSERT INTO HB_PARENT_INFO(PARENT_ID, PERSON_ID)
VALUES
(
2005, 5007
);

/* INSERT QUERY NO: 13 */
INSERT INTO HB_PARENT_INFO(PARENT_ID, PERSON_ID)
VALUES
(
2006, 5008
);

/* INSERT QUERY NO: 14 */
INSERT INTO HB_PARENT_INFO(PARENT_ID, PERSON_ID)
VALUES
(
2006, 5014
);

/* INSERT QUERY NO: 15 */
INSERT INTO HB_PARENT_INFO(PARENT_ID, PERSON_ID)
VALUES
(
2007, 5015
);

/* INSERT QUERY NO: 16 */
INSERT INTO HB_PARENT_INFO(PARENT_ID, PERSON_ID)
VALUES
(
2007, 5011
);

/* INSERT QUERY NO: 17 */
INSERT INTO HB_PARENT_INFO(PARENT_ID, PERSON_ID)
VALUES
(
2008, 5016
);

/* INSERT QUERY NO: 18 */
INSERT INTO HB_PARENT_INFO(PARENT_ID, PERSON_ID)
VALUES
(
2008, 5017
);

/* INSERT QUERY NO: 19 */
INSERT INTO HB_PARENT_INFO(PARENT_ID, PERSON_ID)
VALUES
(
2009, 5018
);

/* INSERT QUERY NO: 20 */
INSERT INTO HB_PARENT_INFO(PARENT_ID, PERSON_ID)
VALUES
(
2009, 5021
);

/* INSERT QUERY NO: 21 */
INSERT INTO HB_PARENT_INFO(PARENT_ID, PERSON_ID)
VALUES
(
2010, 5019
);

/* INSERT QUERY NO: 22 */
INSERT INTO HB_PARENT_INFO(PARENT_ID, PERSON_ID)
VALUES
(
2010, 5024
);

/* Showing results for Parent.xlsx */

/* CREATE TABLE */
CREATE TABLE HB_PARENT(
    PARENT_ID NUMBER(10) PRIMARY KEY
);

/* INSERT QUERY NO: 1 */
INSERT INTO HB_PARENT(PARENT_ID)
VALUES
(
2000
);

/* INSERT QUERY NO: 2 */
INSERT INTO HB_PARENT(PARENT_ID)
VALUES
(
2001
);

/* INSERT QUERY NO: 3 */
INSERT INTO HB_PARENT(PARENT_ID)
VALUES
(
2002
);

/* INSERT QUERY NO: 4 */
INSERT INTO HB_PARENT(PARENT_ID)
VALUES
(
2003
);

/* INSERT QUERY NO: 5 */
INSERT INTO HB_PARENT(PARENT_ID)
VALUES
(
2004
);

/* INSERT QUERY NO: 6 */
INSERT INTO HB_PARENT(PARENT_ID)
VALUES
(
2005
);

/* INSERT QUERY NO: 7 */
INSERT INTO HB_PARENT(PARENT_ID)
VALUES
(
2006
);

/* INSERT QUERY NO: 8 */
INSERT INTO HB_PARENT(PARENT_ID)
VALUES
(
2007
);

/* INSERT QUERY NO: 9 */
INSERT INTO HB_PARENT(PARENT_ID)
VALUES
(
2008
);

/* INSERT QUERY NO: 10 */
INSERT INTO HB_PARENT(PARENT_ID)
VALUES
(
2009
);

/* INSERT QUERY NO: 11 */
INSERT INTO HB_PARENT(PARENT_ID)
VALUES
(
2010
);

/* Showing results for Child.xlsx */

/* CREATE TABLE */
CREATE TABLE HB_CHILD(
    CHILD_ID NUMBER(10) PRIMARY KEY,
    NAME VARCHAR2(30) NOT NULL,
    DOB DATE NOT NULL,
    GENDER VARCHAR2(1) NOT NULL,
    PHOTO BLOB DEFAULT NULL,
    AGE NUMBER(10) NOT NULL,
    B_FORM VARCHAR2(20) UNIQUE
);

/* INSERT QUERY NO: 1 */
INSERT INTO HB_CHILD(CHILD_ID, NAME, DOB, GENDER, AGE, B_FORM, PHOTO)
VALUES
(
1000, 'Noah LaRotonda', TO_DATE('1/1/2010','mm/dd/yyyy'), 'M', 10, '12345-1234567-1', ''
);

/* INSERT QUERY NO: 2 */
INSERT INTO HB_CHILD(CHILD_ID, NAME, DOB, GENDER, AGE, B_FORM, PHOTO)
VALUES
(
1001, 'Edward LaRotonda', TO_DATE('1/2/2010','mm/dd/yyyy'), 'M', 10, '12345-1234567-2', ''
);

/* INSERT QUERY NO: 3 */
INSERT INTO HB_CHILD(CHILD_ID, NAME, DOB, GENDER, AGE, B_FORM, PHOTO)
VALUES
(
1002, 'Latia Steans', TO_DATE('1/3/2010','mm/dd/yyyy'), 'F', 10, '12345-1234567-3', ''
);

/* INSERT QUERY NO: 4 */
INSERT INTO HB_CHILD(CHILD_ID, NAME, DOB, GENDER, AGE, B_FORM, PHOTO)
VALUES
(
1003, 'Maruk Steans', TO_DATE('1/4/2010','mm/dd/yyyy'), 'M', 10, '12345-1234567-4', ''
);

/* INSERT QUERY NO: 5 */
INSERT INTO HB_CHILD(CHILD_ID, NAME, DOB, GENDER, AGE, B_FORM, PHOTO)
VALUES
(
1004, 'Myriam Digitale', TO_DATE('1/5/2010','mm/dd/yyyy'), 'F', 10, '12345-1234567-5', ''
);

/* INSERT QUERY NO: 6 */
INSERT INTO HB_CHILD(CHILD_ID, NAME, DOB, GENDER, AGE, B_FORM, PHOTO)
VALUES
(
1005, 'Prater Digitale', TO_DATE('1/6/2010','mm/dd/yyyy'), 'M', 10, '12345-1234567-6', ''
);

/* INSERT QUERY NO: 7 */
INSERT INTO HB_CHILD(CHILD_ID, NAME, DOB, GENDER, AGE, B_FORM, PHOTO)
VALUES
(
1006, 'Bartholemew Gerry', TO_DATE('1/7/2010','mm/dd/yyyy'), 'M', 10, '12345-1234567-7', ''
);

/* INSERT QUERY NO: 8 */
INSERT INTO HB_CHILD(CHILD_ID, NAME, DOB, GENDER, AGE, B_FORM, PHOTO)
VALUES
(
1007, 'Joseph Gerry', TO_DATE('1/8/2010','mm/dd/yyyy'), 'M', 10, '12345-1234567-8', ''
);

/* INSERT QUERY NO: 9 */
INSERT INTO HB_CHILD(CHILD_ID, NAME, DOB, GENDER, AGE, B_FORM, PHOTO)
VALUES
(
1008, 'Jac Gonzales', TO_DATE('1/1/2011','mm/dd/yyyy'), 'M', 9, '12345-1234567-9', ''
);

/* INSERT QUERY NO: 10 */
INSERT INTO HB_CHILD(CHILD_ID, NAME, DOB, GENDER, AGE, B_FORM, PHOTO)
VALUES
(
1009, 'Dheepa Gonzales', TO_DATE('1/2/2011','mm/dd/yyyy'), 'F', 9, '12345-1234568-0', ''
);

/* INSERT QUERY NO: 11 */
INSERT INTO HB_CHILD(CHILD_ID, NAME, DOB, GENDER, AGE, B_FORM, PHOTO)
VALUES
(
1010, 'Lisa Guilianno', TO_DATE('1/3/2011','mm/dd/yyyy'), 'F', 9, '12345-1234568-1', ''
);

/* INSERT QUERY NO: 12 */
INSERT INTO HB_CHILD(CHILD_ID, NAME, DOB, GENDER, AGE, B_FORM, PHOTO)
VALUES
(
1011, 'Leonara Guilianno', TO_DATE('1/4/2011','mm/dd/yyyy'), 'F', 9, '12345-1234568-2', ''
);

/* INSERT QUERY NO: 13 */
INSERT INTO HB_CHILD(CHILD_ID, NAME, DOB, GENDER, AGE, B_FORM, PHOTO)
VALUES
(
1012, 'Julia Giovanni', TO_DATE('1/5/2011','mm/dd/yyyy'), 'F', 9, '12345-1234568-3', ''
);

/* INSERT QUERY NO: 14 */
INSERT INTO HB_CHILD(CHILD_ID, NAME, DOB, GENDER, AGE, B_FORM, PHOTO)
VALUES
(
1013, 'Alejandro Giovanni', TO_DATE('1/6/2011','mm/dd/yyyy'), 'M', 9, '12345-1234568-4', ''
);

/* INSERT QUERY NO: 15 */
INSERT INTO HB_CHILD(CHILD_ID, NAME, DOB, GENDER, AGE, B_FORM, PHOTO)
VALUES
(
1014, 'Anthony Mullaney', TO_DATE('1/7/2011','mm/dd/yyyy'), 'M', 9, '12345-1234568-5', ''
);

/* INSERT QUERY NO: 16 */
INSERT INTO HB_CHILD(CHILD_ID, NAME, DOB, GENDER, AGE, B_FORM, PHOTO)
VALUES
(
1015, 'Linda Mullaney', TO_DATE('1/8/2011','mm/dd/yyyy'), 'F', 9, '12345-1234568-6', ''
);

/* INSERT QUERY NO: 17 */
INSERT INTO HB_CHILD(CHILD_ID, NAME, DOB, GENDER, AGE, B_FORM, PHOTO)
VALUES
(
1016, 'Maria Travis', TO_DATE('1/9/2011','mm/dd/yyyy'), 'F', 9, '12345-1234568-7', ''
);

/* INSERT QUERY NO: 18 */
INSERT INTO HB_CHILD(CHILD_ID, NAME, DOB, GENDER, AGE, B_FORM, PHOTO)
VALUES
(
1017, 'Carlos Travis', TO_DATE('1/10/2011','mm/dd/yyyy'), 'M', 9, '12345-1234568-8', ''
);

/* INSERT QUERY NO: 19 */
INSERT INTO HB_CHILD(CHILD_ID, NAME, DOB, GENDER, AGE, B_FORM, PHOTO)
VALUES
(
1018, 'Jasmine Hernandez', TO_DATE('1/11/2011','mm/dd/yyyy'), 'F', 9, '12345-1234568-9', ''
);

/* INSERT QUERY NO: 20 */
INSERT INTO HB_CHILD(CHILD_ID, NAME, DOB, GENDER, AGE, B_FORM, PHOTO)
VALUES
(
1019, 'Xana Hernandez', TO_DATE('1/12/2011','mm/dd/yyyy'), 'F', 9, '12345-1234569-0', ''
);

/* INSERT QUERY NO: 21 */
INSERT INTO HB_CHILD(CHILD_ID, NAME, DOB, GENDER, AGE, B_FORM, PHOTO)
VALUES
(
1020, 'Michael Murray', TO_DATE('2/1/2012','mm/dd/yyyy'), 'M', 8, '12345-1234569-1', ''
);

/* INSERT QUERY NO: 22 */
INSERT INTO HB_CHILD(CHILD_ID, NAME, DOB, GENDER, AGE, B_FORM, PHOTO)
VALUES
(
1021, 'Sharlene Murray', TO_DATE('2/2/2012','mm/dd/yyyy'), 'F', 8, '12345-1234569-2', ''
);

/* INSERT QUERY NO: 23 */
INSERT INTO HB_CHILD(CHILD_ID, NAME, DOB, GENDER, AGE, B_FORM, PHOTO)
VALUES
(
1022, 'Maggie LaRotonda', TO_DATE('2/1/2013','mm/dd/yyyy'), 'F', 7, '12345-1234569-3', ''
);

/* INSERT QUERY NO: 24 */
INSERT INTO HB_CHILD(CHILD_ID, NAME, DOB, GENDER, AGE, B_FORM, PHOTO)
VALUES
(
1023, 'Jason LaRotonda', TO_DATE('2/2/2013','mm/dd/yyyy'), 'M', 7, '12345-1234569-4', ''
);

/* INSERT QUERY NO: 25 */
INSERT INTO HB_CHILD(CHILD_ID, NAME, DOB, GENDER, AGE, B_FORM, PHOTO)
VALUES
(
1024, 'Matthew Steans', TO_DATE('3/1/2014','mm/dd/yyyy'), 'M', 6, '12345-1234569-5', ''
);

/* INSERT QUERY NO: 26 */
INSERT INTO HB_CHILD(CHILD_ID, NAME, DOB, GENDER, AGE, B_FORM, PHOTO)
VALUES
(
1025, 'Robert Steans', TO_DATE('3/2/2014','mm/dd/yyyy'), 'M', 6, '12345-1234569-6', ''
);

/* INSERT QUERY NO: 27 */
INSERT INTO HB_CHILD(CHILD_ID, NAME, DOB, GENDER, AGE, B_FORM, PHOTO)
VALUES
(
1026, 'Brian Digitale', TO_DATE('3/1/2015','mm/dd/yyyy'), 'M', 5, '12345-1234569-7', ''
);

/* INSERT QUERY NO: 28 */
INSERT INTO HB_CHILD(CHILD_ID, NAME, DOB, GENDER, AGE, B_FORM, PHOTO)
VALUES
(
1027, 'Jennifer Digitale', TO_DATE('3/2/2015','mm/dd/yyyy'), 'F', 5, '12345-1234569-8', ''
);

/* INSERT QUERY NO: 29 */
INSERT INTO HB_CHILD(CHILD_ID, NAME, DOB, GENDER, AGE, B_FORM, PHOTO)
VALUES
(
1028, 'Katie Gerry', TO_DATE('4/1/2016','mm/dd/yyyy'), 'F', 4, '12345-1234569-9', ''
);

/* INSERT QUERY NO: 30 */
INSERT INTO HB_CHILD(CHILD_ID, NAME, DOB, GENDER, AGE, B_FORM, PHOTO)
VALUES
(
1029, 'Simon Gerry', TO_DATE('4/2/2016','mm/dd/yyyy'), 'M', 4, '12345-1234570-0', ''
);

/* INSERT QUERY NO: 31 */
INSERT INTO HB_CHILD(CHILD_ID, NAME, DOB, GENDER, AGE, B_FORM, PHOTO)
VALUES
(
1030, 'Ricardo Gonzales', TO_DATE('4/1/2017','mm/dd/yyyy'), 'M', 3, '12345-1234570-1', ''
);

/* INSERT QUERY NO: 32 */
INSERT INTO HB_CHILD(CHILD_ID, NAME, DOB, GENDER, AGE, B_FORM, PHOTO)
VALUES
(
1031, 'Peter Gonzales', TO_DATE('4/2/2017','mm/dd/yyyy'), 'M', 3, '12345-1234570-2', ''
);

/* INSERT QUERY NO: 33 */
INSERT INTO HB_CHILD(CHILD_ID, NAME, DOB, GENDER, AGE, B_FORM, PHOTO)
VALUES
(
1032, 'Eric Guilianno', TO_DATE('4/3/2017','mm/dd/yyyy'), 'M', 3, '12345-1234570-3', ''
);

/* INSERT QUERY NO: 34 */
INSERT INTO HB_CHILD(CHILD_ID, NAME, DOB, GENDER, AGE, B_FORM, PHOTO)
VALUES
(
1033, 'Rick Guilianno', TO_DATE('4/4/2017','mm/dd/yyyy'), 'M', 3, '12345-1234570-4', ''
);

/* Showing results for Guardian.xlsx */

/* CREATE TABLE */
CREATE TABLE HB_GUARDIAN(
    GUARD_ID NUMBER(10) PRIMARY KEY,
    PERSON_ID NUMBER(10),
    RELATION VARCHAR2(20) NOT NULL
);

/* INSERT QUERY NO: 1 */
INSERT INTO HB_GUARDIAN(GUARD_ID, PERSON_ID, RELATION)
VALUES
(
3000, 5023, 'NANNY'
);

/* INSERT QUERY NO: 2 */
INSERT INTO HB_GUARDIAN(GUARD_ID, PERSON_ID, RELATION)
VALUES
(
3001, 5025, 'NANNY'
);

/* INSERT QUERY NO: 3 */
INSERT INTO HB_GUARDIAN(GUARD_ID, PERSON_ID, RELATION)
VALUES
(
3002, 5026, 'NANNY'
);

/* INSERT QUERY NO: 4 */
INSERT INTO HB_GUARDIAN(GUARD_ID, PERSON_ID, RELATION)
VALUES
(
3003, 5027, 'NANNY'
);

/* INSERT QUERY NO: 5 */
INSERT INTO HB_GUARDIAN(GUARD_ID, PERSON_ID, RELATION)
VALUES
(
3004, 5028, 'UNCLE'
);

/* INSERT QUERY NO: 6 */
INSERT INTO HB_GUARDIAN(GUARD_ID, PERSON_ID, RELATION)
VALUES
(
3005, 5029, 'NANNY'
);

/* INSERT QUERY NO: 7 */
INSERT INTO HB_GUARDIAN(GUARD_ID, PERSON_ID, RELATION)
VALUES
(
3006, 5030, 'NANNY'
);

/* INSERT QUERY NO: 8 */
INSERT INTO HB_GUARDIAN(GUARD_ID, PERSON_ID, RELATION)
VALUES
(
3007, 5031, 'AUNT'
);

/* INSERT QUERY NO: 9 */
INSERT INTO HB_GUARDIAN(GUARD_ID, PERSON_ID, RELATION)
VALUES
(
3008, 5032, 'AUNT'
);

/* INSERT QUERY NO: 10 */
INSERT INTO HB_GUARDIAN(GUARD_ID, PERSON_ID, RELATION)
VALUES
(
3009, 5033, 'NANNY'
);

/* INSERT QUERY NO: 11 */
INSERT INTO HB_GUARDIAN(GUARD_ID, PERSON_ID, RELATION)
VALUES
(
3010, 5034, 'NANNY'
);


/* Showing results for Employee.xlsx */

/* CREATE TABLE */
CREATE TABLE HB_EMPLOYEE(
    EMP_ID NUMBER(10) PRIMARY KEY,
    PERSON_ID NUMBER(10)
);

/* INSERT QUERY NO: 1 */
INSERT INTO HB_EMPLOYEE(EMP_ID, PERSON_ID)
VALUES
(
4000, 5018
);

/* INSERT QUERY NO: 2 */
INSERT INTO HB_EMPLOYEE(EMP_ID, PERSON_ID)
VALUES
(
4001, 5019
);

/* INSERT QUERY NO: 3 */
INSERT INTO HB_EMPLOYEE(EMP_ID, PERSON_ID)
VALUES
(
4002, 5020
);

/* INSERT QUERY NO: 4 */
INSERT INTO HB_EMPLOYEE(EMP_ID, PERSON_ID)
VALUES
(
4003, 5022
);

/* Showing results for Class.xlsx */

/* CREATE TABLE */
CREATE TABLE HB_CLASS(
    CLASS_ID INT PRIMARY KEY
);

/* INSERT QUERY NO: 1 */
INSERT INTO HB_CLASS(CLASS_ID)
VALUES
(
1
);

/* INSERT QUERY NO: 2 */
INSERT INTO HB_CLASS(CLASS_ID)
VALUES
(
2
);

/* INSERT QUERY NO: 3 */
INSERT INTO HB_CLASS(CLASS_ID)
VALUES
(
3
);

/* INSERT QUERY NO: 4 */
INSERT INTO HB_CLASS(CLASS_ID)
VALUES
(
4
);

/* INSERT QUERY NO: 5 */
INSERT INTO HB_CLASS(CLASS_ID)
VALUES
(
5
);

/* INSERT QUERY NO: 6 */
INSERT INTO HB_CLASS(CLASS_ID)
VALUES
(
6
);

/* INSERT QUERY NO: 7 */
INSERT INTO HB_CLASS(CLASS_ID)
VALUES
(
7
);

/* INSERT QUERY NO: 8 */
INSERT INTO HB_CLASS(CLASS_ID)
VALUES
(
8
);


/* Showing results for Course.xlsx */

/* CREATE TABLE */
CREATE TABLE HB_COURSE(
    COURSE_ID VARCHAR2(6) PRIMARY KEY,
    COURSE_NAME VARCHAR2(40) UNIQUE NOT NULL,
    COURSE_DESC VARCHAR2(50)
);

/* INSERT QUERY NO: 1 */
INSERT INTO HB_COURSE(COURSE_ID, COURSE_NAME, COURSE_DESC)
VALUES
(
'EE100', 'Islamic Studies', 'Learn about Islam'
);

/* INSERT QUERY NO: 2 */
INSERT INTO HB_COURSE(COURSE_ID, COURSE_NAME, COURSE_DESC)
VALUES
(
'EE200', 'Pak Studies', 'Learn about Pakistans history'
);

/* INSERT QUERY NO: 3 */
INSERT INTO HB_COURSE(COURSE_ID, COURSE_NAME, COURSE_DESC)
VALUES
(
'EE300', 'Psychology', 'How human mind works'
);

/* INSERT QUERY NO: 4 */
INSERT INTO HB_COURSE(COURSE_ID, COURSE_NAME, COURSE_DESC)
VALUES
(
'EE400', 'Mathematics', 'Numbers and Variables'
);

/* INSERT QUERY NO: 5 */
INSERT INTO HB_COURSE(COURSE_ID, COURSE_NAME, COURSE_DESC)
VALUES
(
'BB100', 'Arts', 'Sketch Books'
);

/* INSERT QUERY NO: 6 */
INSERT INTO HB_COURSE(COURSE_ID, COURSE_NAME, COURSE_DESC)
VALUES
(
'BB200', 'Leadership', 'Choo Choo Train Leaders'
);

/* INSERT QUERY NO: 7 */
INSERT INTO HB_COURSE(COURSE_ID, COURSE_NAME, COURSE_DESC)
VALUES
(
'BB300', 'Zoology', 'Learn about animals'
);


/* Showing results for Registeration.xlsx */

/* CREATE TABLE */
CREATE TABLE HB_REGISTERATION(
    REG_ID VARCHAR2(7) PRIMARY KEY,
    COURSE_ID VARCHAR2(6),
    STUDENT_ID VARCHAR2(7),
    REG_CHALLAN_NUM VARCHAR2(8),
    REG_FEE_AMOUNT NUMBER(10),
    REG_DISCOUNT NUMBER(10),
    REG_FINAL_AMOUNT NUMBER(10),
    IS_PAID NUMBER(1) DEFAULT 0,
    REG_DATE DATE NOT NULL
);

/* INSERT QUERY NO: 1 */
INSERT INTO HB_REGISTERATION(REG_ID, COURSE_ID, STUDENT_ID, REG_CHALLAN_NUM, REG_FEE_AMOUNT, REG_DISCOUNT, REG_FINAL_AMOUNT, IS_PAID, REG_DATE)
VALUES
(
'RR-0001', 'BB200', 'HB-0005', 'RC-10000', 2000, 0, 2000, 1, TO_DATE('1/1/2020','mm/dd/yyyy')
);

/* INSERT QUERY NO: 2 */
INSERT INTO HB_REGISTERATION(REG_ID, COURSE_ID, STUDENT_ID, REG_CHALLAN_NUM, REG_FEE_AMOUNT, REG_DISCOUNT, REG_FINAL_AMOUNT, IS_PAID, REG_DATE)
VALUES
(
'RR-0002', 'BB200', 'HB-0006', 'RC-10001', 2000, 0, 2000, 1, TO_DATE('1/1/2020','mm/dd/yyyy')
);

/* INSERT QUERY NO: 3 */
INSERT INTO HB_REGISTERATION(REG_ID, COURSE_ID, STUDENT_ID, REG_CHALLAN_NUM, REG_FEE_AMOUNT, REG_DISCOUNT, REG_FINAL_AMOUNT, IS_PAID, REG_DATE)
VALUES
(
'RR-0003', 'BB200', 'HB-0007', 'RC-10002', 2000, 0, 2000, 1, TO_DATE('1/1/2020','mm/dd/yyyy')
);

/* INSERT QUERY NO: 4 */
INSERT INTO HB_REGISTERATION(REG_ID, COURSE_ID, STUDENT_ID, REG_CHALLAN_NUM, REG_FEE_AMOUNT, REG_DISCOUNT, REG_FINAL_AMOUNT, IS_PAID, REG_DATE)
VALUES
(
'RR-0004', 'BB200', 'HB-0008', 'RC-10003', 2000, 0, 2000, 1, TO_DATE('1/1/2020','mm/dd/yyyy')
);

/* INSERT QUERY NO: 5 */
INSERT INTO HB_REGISTERATION(REG_ID, COURSE_ID, STUDENT_ID, REG_CHALLAN_NUM, REG_FEE_AMOUNT, REG_DISCOUNT, REG_FINAL_AMOUNT, IS_PAID, REG_DATE)
VALUES
(
'RR-0005', 'BB200', 'HB-0009', 'RC-10004', 1500, 0, 1500, 1, TO_DATE('1/1/2020','mm/dd/yyyy')
);

/* INSERT QUERY NO: 6 */
INSERT INTO HB_REGISTERATION(REG_ID, COURSE_ID, STUDENT_ID, REG_CHALLAN_NUM, REG_FEE_AMOUNT, REG_DISCOUNT, REG_FINAL_AMOUNT, IS_PAID, REG_DATE)
VALUES
(
'RR-0006', 'BB200', 'HB-0010', 'RC-10005', 1500, 0, 1500, 1, TO_DATE('1/1/2020','mm/dd/yyyy')
);

/* INSERT QUERY NO: 7 */
INSERT INTO HB_REGISTERATION(REG_ID, COURSE_ID, STUDENT_ID, REG_CHALLAN_NUM, REG_FEE_AMOUNT, REG_DISCOUNT, REG_FINAL_AMOUNT, IS_PAID, REG_DATE)
VALUES
(
'RR-0007', 'BB200', 'HB-0011', 'RC-10006', 1500, 0, 1500, 1, TO_DATE('1/1/2020','mm/dd/yyyy')
);

/* INSERT QUERY NO: 8 */
INSERT INTO HB_REGISTERATION(REG_ID, COURSE_ID, STUDENT_ID, REG_CHALLAN_NUM, REG_FEE_AMOUNT, REG_DISCOUNT, REG_FINAL_AMOUNT, IS_PAID, REG_DATE)
VALUES
(
'RR-0008', 'BB200', 'HB-0012', 'RC-10007', 1500, 0, 1500, 0, TO_DATE('1/1/2020','mm/dd/yyyy')
);

/* INSERT QUERY NO: 9 */
INSERT INTO HB_REGISTERATION(REG_ID, COURSE_ID, STUDENT_ID, REG_CHALLAN_NUM, REG_FEE_AMOUNT, REG_DISCOUNT, REG_FINAL_AMOUNT, IS_PAID, REG_DATE)
VALUES
(
'RR-0009', 'BB200', 'HB-0013', 'RC-10008', 1500, 1200, 300, 1, TO_DATE('1/1/2020','mm/dd/yyyy')
);

/* INSERT QUERY NO: 10 */
INSERT INTO HB_REGISTERATION(REG_ID, COURSE_ID, STUDENT_ID, REG_CHALLAN_NUM, REG_FEE_AMOUNT, REG_DISCOUNT, REG_FINAL_AMOUNT, IS_PAID, REG_DATE)
VALUES
(
'RR-0010', 'BB200', 'HB-0014', 'RC-10009', 1500, 1200, 300, 0, TO_DATE('1/1/2020','mm/dd/yyyy')
);

/* INSERT QUERY NO: 11 */
INSERT INTO HB_REGISTERATION(REG_ID, COURSE_ID, STUDENT_ID, REG_CHALLAN_NUM, REG_FEE_AMOUNT, REG_DISCOUNT, REG_FINAL_AMOUNT, IS_PAID, REG_DATE)
VALUES
(
'RR-0011', 'BB200', 'HB-0015', 'RC-10010', 1500, 0, 1500, 0, TO_DATE('1/1/2020','mm/dd/yyyy')
);

/* INSERT QUERY NO: 12 */
INSERT INTO HB_REGISTERATION(REG_ID, COURSE_ID, STUDENT_ID, REG_CHALLAN_NUM, REG_FEE_AMOUNT, REG_DISCOUNT, REG_FINAL_AMOUNT, IS_PAID, REG_DATE)
VALUES
(
'RR-0012', 'BB200', 'HB-0016', 'RC-10011', 1500, 0, 1500, 1, TO_DATE('1/1/2020','mm/dd/yyyy')
);

/* INSERT QUERY NO: 13 */
INSERT INTO HB_REGISTERATION(REG_ID, COURSE_ID, STUDENT_ID, REG_CHALLAN_NUM, REG_FEE_AMOUNT, REG_DISCOUNT, REG_FINAL_AMOUNT, IS_PAID, REG_DATE)
VALUES
(
'RR-0013', 'BB200', 'HB-0017', 'RC-10012', 1500, 1200, 300, 0, TO_DATE('1/1/2020','mm/dd/yyyy')
);

/* INSERT QUERY NO: 14 */
INSERT INTO HB_REGISTERATION(REG_ID, COURSE_ID, STUDENT_ID, REG_CHALLAN_NUM, REG_FEE_AMOUNT, REG_DISCOUNT, REG_FINAL_AMOUNT, IS_PAID, REG_DATE)
VALUES
(
'RR-0014', 'BB200', 'HB-0018', 'RC-10013', 1500, 1200, 300, 1, TO_DATE('1/1/2020','mm/dd/yyyy')
);

/* INSERT QUERY NO: 15 */
INSERT INTO HB_REGISTERATION(REG_ID, COURSE_ID, STUDENT_ID, REG_CHALLAN_NUM, REG_FEE_AMOUNT, REG_DISCOUNT, REG_FINAL_AMOUNT, IS_PAID, REG_DATE)
VALUES
(
'RR-0015', 'BB200', 'HB-0019', 'RC-10014', 1500, 1500, 0, 0, TO_DATE('1/1/2020','mm/dd/yyyy')
);

/* INSERT QUERY NO: 16 */
INSERT INTO HB_REGISTERATION(REG_ID, COURSE_ID, STUDENT_ID, REG_CHALLAN_NUM, REG_FEE_AMOUNT, REG_DISCOUNT, REG_FINAL_AMOUNT, IS_PAID, REG_DATE)
VALUES
(
'RR-0016', 'BB200', 'HB-0020', 'RC-10015', 1500, 1500, 0, 1, TO_DATE('1/1/2020','mm/dd/yyyy')
);

/* INSERT QUERY NO: 17 */
INSERT INTO HB_REGISTERATION(REG_ID, COURSE_ID, STUDENT_ID, REG_CHALLAN_NUM, REG_FEE_AMOUNT, REG_DISCOUNT, REG_FINAL_AMOUNT, IS_PAID, REG_DATE)
VALUES
(
'RR-0017', 'BB200', 'HB-0021', 'RC-10016', 1300, 1300, 0, 0, TO_DATE('1/1/2020','mm/dd/yyyy')
);

/* INSERT QUERY NO: 18 */
INSERT INTO HB_REGISTERATION(REG_ID, COURSE_ID, STUDENT_ID, REG_CHALLAN_NUM, REG_FEE_AMOUNT, REG_DISCOUNT, REG_FINAL_AMOUNT, IS_PAID, REG_DATE)
VALUES
(
'RR-0018', 'BB200', 'HB-0022', 'RC-10017', 1300, 1300, 0, 1, TO_DATE('1/1/2020','mm/dd/yyyy')
);

/* INSERT QUERY NO: 19 */
INSERT INTO HB_REGISTERATION(REG_ID, COURSE_ID, STUDENT_ID, REG_CHALLAN_NUM, REG_FEE_AMOUNT, REG_DISCOUNT, REG_FINAL_AMOUNT, IS_PAID, REG_DATE)
VALUES
(
'RR-0019', 'BB200', 'HB-0023', 'RC-10018', 1200, 0, 1200, 1, TO_DATE('1/1/2020','mm/dd/yyyy')
);

/* INSERT QUERY NO: 20 */
INSERT INTO HB_REGISTERATION(REG_ID, COURSE_ID, STUDENT_ID, REG_CHALLAN_NUM, REG_FEE_AMOUNT, REG_DISCOUNT, REG_FINAL_AMOUNT, IS_PAID, REG_DATE)
VALUES
(
'RR-0020', 'BB200', 'HB-0024', 'RC-10019', 1200, 600, 600, 0, TO_DATE('1/1/2020','mm/dd/yyyy')
);

/* INSERT QUERY NO: 21 */
INSERT INTO HB_REGISTERATION(REG_ID, COURSE_ID, STUDENT_ID, REG_CHALLAN_NUM, REG_FEE_AMOUNT, REG_DISCOUNT, REG_FINAL_AMOUNT, IS_PAID, REG_DATE)
VALUES
(
'RR-0021', 'BB200', 'HB-0025', 'RC-10020', 1100, 0, 1100, 1, TO_DATE('1/1/2020','mm/dd/yyyy')
);

/* INSERT QUERY NO: 22 */
INSERT INTO HB_REGISTERATION(REG_ID, COURSE_ID, STUDENT_ID, REG_CHALLAN_NUM, REG_FEE_AMOUNT, REG_DISCOUNT, REG_FINAL_AMOUNT, IS_PAID, REG_DATE)
VALUES
(
'RR-0022', 'BB200', 'HB-0026', 'RC-10021', 1100, 550, 550, 1, TO_DATE('1/1/2020','mm/dd/yyyy')
);

/* INSERT QUERY NO: 23 */
INSERT INTO HB_REGISTERATION(REG_ID, COURSE_ID, STUDENT_ID, REG_CHALLAN_NUM, REG_FEE_AMOUNT, REG_DISCOUNT, REG_FINAL_AMOUNT, IS_PAID, REG_DATE)
VALUES
(
'RR-0023', 'BB200', 'HB-0027', 'RC-10022', 1000, 0, 1000, 1, TO_DATE('1/1/2020','mm/dd/yyyy')
);

/* INSERT QUERY NO: 24 */
INSERT INTO HB_REGISTERATION(REG_ID, COURSE_ID, STUDENT_ID, REG_CHALLAN_NUM, REG_FEE_AMOUNT, REG_DISCOUNT, REG_FINAL_AMOUNT, IS_PAID, REG_DATE)
VALUES
(
'RR-0024', 'BB200', 'HB-0028', 'RC-10023', 1000, 500, 500, 1, TO_DATE('1/1/2020','mm/dd/yyyy')
);

/* INSERT QUERY NO: 25 */
INSERT INTO HB_REGISTERATION(REG_ID, COURSE_ID, STUDENT_ID, REG_CHALLAN_NUM, REG_FEE_AMOUNT, REG_DISCOUNT, REG_FINAL_AMOUNT, IS_PAID, REG_DATE)
VALUES
(
'RR-0025', 'BB200', 'HB-0029', 'RC-10024', 700, 0, 700, 1, TO_DATE('1/1/2020','mm/dd/yyyy')
);

/* INSERT QUERY NO: 26 */
INSERT INTO HB_REGISTERATION(REG_ID, COURSE_ID, STUDENT_ID, REG_CHALLAN_NUM, REG_FEE_AMOUNT, REG_DISCOUNT, REG_FINAL_AMOUNT, IS_PAID, REG_DATE)
VALUES
(
'RR-0026', 'BB200', 'HB-0030', 'RC-10025', 700, 350, 350, 1, TO_DATE('1/1/2020','mm/dd/yyyy')
);

/* INSERT QUERY NO: 27 */
INSERT INTO HB_REGISTERATION(REG_ID, COURSE_ID, STUDENT_ID, REG_CHALLAN_NUM, REG_FEE_AMOUNT, REG_DISCOUNT, REG_FINAL_AMOUNT, IS_PAID, REG_DATE)
VALUES
(
'RR-0027', 'BB200', 'HB-0031', 'RC-10026', 500, 0, 500, 1, TO_DATE('1/1/2020','mm/dd/yyyy')
);

/* INSERT QUERY NO: 28 */
INSERT INTO HB_REGISTERATION(REG_ID, COURSE_ID, STUDENT_ID, REG_CHALLAN_NUM, REG_FEE_AMOUNT, REG_DISCOUNT, REG_FINAL_AMOUNT, IS_PAID, REG_DATE)
VALUES
(
'RR-0028', 'BB200', 'HB-0032', 'RC-10027', 500, 250, 250, 1, TO_DATE('1/1/2020','mm/dd/yyyy')
);

/* INSERT QUERY NO: 29 */
INSERT INTO HB_REGISTERATION(REG_ID, COURSE_ID, STUDENT_ID, REG_CHALLAN_NUM, REG_FEE_AMOUNT, REG_DISCOUNT, REG_FINAL_AMOUNT, IS_PAID, REG_DATE)
VALUES
(
'RR-0029', 'BB200', 'HB-0033', 'RC-10028', 500, 0, 500, 1, TO_DATE('1/1/2020','mm/dd/yyyy')
);

/* INSERT QUERY NO: 30 */
INSERT INTO HB_REGISTERATION(REG_ID, COURSE_ID, STUDENT_ID, REG_CHALLAN_NUM, REG_FEE_AMOUNT, REG_DISCOUNT, REG_FINAL_AMOUNT, IS_PAID, REG_DATE)
VALUES
(
'RR-0030', 'BB200', 'HB-0034', 'RC-10029', 500, 250, 250, 1, TO_DATE('1/1/2020','mm/dd/yyyy')
);


/* Showing results for REGISTERATION_HISTORY.xlsx */

/* CREATE TABLE */
CREATE TABLE HB_REGISTERATION_HISTORY(
    REG_HIST_ID VARCHAR2(8) PRIMARY KEY,
    REG_ID VARCHAR2(7),
    COURSE_ID VARCHAR2(6),
    STUDENT_ID VARCHAR2(7),
    REG_CHALLAN_NUM VARCHAR2(8),
    REG_FEE_AMOUNT NUMBER(10),
    REG_DISCOUNT NUMBER(10),
    REG_FINAL_AMOUNT NUMBER(10),
    IS_PAID NUMBER(1) DEFAULT 0,
    REG_DATE DATE NOT NULL
);

/* INSERT QUERY NO: 1 */
INSERT INTO HB_REGISTERATION_HISTORY(REG_HIST_ID, REG_ID, COURSE_ID, STUDENT_ID, REG_CHALLAN_NUM, REG_FEE_AMOUNT, REG_DISCOUNT, REG_FINAL_AMOUNT, IS_PAID, REG_DATE)
VALUES
(
'RRH-0001','RR-0001', 'BB200', 'HB-0005', 'RC-10000', 2000, 0, 2000, 1, TO_DATE('1/1/2020','mm/dd/yyyy')
);

/* INSERT QUERY NO: 2 */
INSERT INTO HB_REGISTERATION_HISTORY(REG_HIST_ID, REG_ID, COURSE_ID, STUDENT_ID, REG_CHALLAN_NUM, REG_FEE_AMOUNT, REG_DISCOUNT, REG_FINAL_AMOUNT, IS_PAID, REG_DATE)
VALUES
(
'RRH-0002', 'RR-0002', 'BB200', 'HB-0006', 'RC-10001', 2000, 0, 2000, 1, TO_DATE('1/1/2020','mm/dd/yyyy')
);

/* INSERT QUERY NO: 3 */
INSERT INTO HB_REGISTERATION_HISTORY(REG_HIST_ID, REG_ID, COURSE_ID, STUDENT_ID, REG_CHALLAN_NUM, REG_FEE_AMOUNT, REG_DISCOUNT, REG_FINAL_AMOUNT, IS_PAID, REG_DATE)
VALUES
(
'RRH-0003', 'RR-0003', 'BB200', 'HB-0007', 'RC-10002', 2000, 0, 2000, 1, TO_DATE('1/1/2020','mm/dd/yyyy')
);

/* INSERT QUERY NO: 4 */
INSERT INTO HB_REGISTERATION_HISTORY(REG_HIST_ID, REG_ID, COURSE_ID, STUDENT_ID, REG_CHALLAN_NUM, REG_FEE_AMOUNT, REG_DISCOUNT, REG_FINAL_AMOUNT, IS_PAID, REG_DATE)
VALUES
(
'RRH-0004', 'RR-0004', 'BB200', 'HB-0008', 'RC-10003', 2000, 0, 2000, 1, TO_DATE('1/1/2020','mm/dd/yyyy')
);

/* INSERT QUERY NO: 5 */
INSERT INTO HB_REGISTERATION_HISTORY(REG_HIST_ID, REG_ID, COURSE_ID, STUDENT_ID, REG_CHALLAN_NUM, REG_FEE_AMOUNT, REG_DISCOUNT, REG_FINAL_AMOUNT, IS_PAID, REG_DATE)
VALUES
(
'RRH-0005', 'RR-0005', 'BB200', 'HB-0009', 'RC-10004', 1500, 0, 1500, 1, TO_DATE('1/1/2020','mm/dd/yyyy')
);

/* INSERT QUERY NO: 6 */
INSERT INTO HB_REGISTERATION_HISTORY(REG_HIST_ID, REG_ID, COURSE_ID, STUDENT_ID, REG_CHALLAN_NUM, REG_FEE_AMOUNT, REG_DISCOUNT, REG_FINAL_AMOUNT, IS_PAID, REG_DATE)
VALUES
(
'RRH-0006', 'RR-0006', 'BB200', 'HB-0010', 'RC-10005', 1500, 0, 1500, 1, TO_DATE('1/1/2020','mm/dd/yyyy')
);

/* INSERT QUERY NO: 7 */
INSERT INTO HB_REGISTERATION_HISTORY(REG_HIST_ID, REG_ID, COURSE_ID, STUDENT_ID, REG_CHALLAN_NUM, REG_FEE_AMOUNT, REG_DISCOUNT, REG_FINAL_AMOUNT, IS_PAID, REG_DATE)
VALUES
(
'RRH-0007', 'RR-0007', 'BB200', 'HB-0011', 'RC-10006', 1500, 0, 1500, 1, TO_DATE('1/1/2020','mm/dd/yyyy')
);

/* INSERT QUERY NO: 8 */
INSERT INTO HB_REGISTERATION_HISTORY(REG_HIST_ID, REG_ID, COURSE_ID, STUDENT_ID, REG_CHALLAN_NUM, REG_FEE_AMOUNT, REG_DISCOUNT, REG_FINAL_AMOUNT, IS_PAID, REG_DATE)
VALUES
(
'RRH-0008', 'RR-0008', 'BB200', 'HB-0012', 'RC-10007', 1500, 0, 1500, 0, TO_DATE('1/1/2020','mm/dd/yyyy')
);

/* INSERT QUERY NO: 9 */
INSERT INTO HB_REGISTERATION_HISTORY(REG_HIST_ID, REG_ID, COURSE_ID, STUDENT_ID, REG_CHALLAN_NUM, REG_FEE_AMOUNT, REG_DISCOUNT, REG_FINAL_AMOUNT, IS_PAID, REG_DATE)
VALUES
(
'RRH-0009', 'RR-0009', 'BB200', 'HB-0013', 'RC-10008', 1500, 1200, 300, 1, TO_DATE('1/1/2020','mm/dd/yyyy')
);

/* INSERT QUERY NO: 10 */
INSERT INTO HB_REGISTERATION_HISTORY(REG_HIST_ID, REG_ID, COURSE_ID, STUDENT_ID, REG_CHALLAN_NUM, REG_FEE_AMOUNT, REG_DISCOUNT, REG_FINAL_AMOUNT, IS_PAID, REG_DATE)
VALUES
(
'RRH-0010', 'RR-0010', 'BB200', 'HB-0014', 'RC-10009', 1500, 1200, 300, 0, TO_DATE('1/1/2020','mm/dd/yyyy')
);

/* INSERT QUERY NO: 11 */
INSERT INTO HB_REGISTERATION_HISTORY(REG_HIST_ID, REG_ID, COURSE_ID, STUDENT_ID, REG_CHALLAN_NUM, REG_FEE_AMOUNT, REG_DISCOUNT, REG_FINAL_AMOUNT, IS_PAID, REG_DATE)
VALUES
(
'RRH-0011', 'RR-0011', 'BB200', 'HB-0015', 'RC-10010', 1500, 0, 1500, 0, TO_DATE('1/1/2020','mm/dd/yyyy')
);

/* INSERT QUERY NO: 12 */
INSERT INTO HB_REGISTERATION_HISTORY(REG_HIST_ID, REG_ID, COURSE_ID, STUDENT_ID, REG_CHALLAN_NUM, REG_FEE_AMOUNT, REG_DISCOUNT, REG_FINAL_AMOUNT, IS_PAID, REG_DATE)
VALUES
(
'RRH-0012', 'RR-0012', 'BB200', 'HB-0016', 'RC-10011', 1500, 0, 1500, 1, TO_DATE('1/1/2020','mm/dd/yyyy')
);

/* INSERT QUERY NO: 13 */
INSERT INTO HB_REGISTERATION_HISTORY(REG_HIST_ID, REG_ID, COURSE_ID, STUDENT_ID, REG_CHALLAN_NUM, REG_FEE_AMOUNT, REG_DISCOUNT, REG_FINAL_AMOUNT, IS_PAID, REG_DATE)
VALUES
(
'RRH-0013', 'RR-0013', 'BB200', 'HB-0017', 'RC-10012', 1500, 1200, 300, 0, TO_DATE('1/1/2020','mm/dd/yyyy')
);

/* INSERT QUERY NO: 14 */
INSERT INTO HB_REGISTERATION_HISTORY(REG_HIST_ID, REG_ID, COURSE_ID, STUDENT_ID, REG_CHALLAN_NUM, REG_FEE_AMOUNT, REG_DISCOUNT, REG_FINAL_AMOUNT, IS_PAID, REG_DATE)
VALUES
(
'RRH-0014', 'RR-0014', 'BB200', 'HB-0018', 'RC-10013', 1500, 1200, 300, 1, TO_DATE('1/1/2020','mm/dd/yyyy')
);

/* INSERT QUERY NO: 15 */
INSERT INTO HB_REGISTERATION_HISTORY(REG_HIST_ID, REG_ID, COURSE_ID, STUDENT_ID, REG_CHALLAN_NUM, REG_FEE_AMOUNT, REG_DISCOUNT, REG_FINAL_AMOUNT, IS_PAID, REG_DATE)
VALUES
(
'RRH-0015', 'RR-0015', 'BB200', 'HB-0019', 'RC-10014', 1500, 1500, 0, 0, TO_DATE('1/1/2020','mm/dd/yyyy')
);

/* INSERT QUERY NO: 16 */
INSERT INTO HB_REGISTERATION_HISTORY(REG_HIST_ID, REG_ID, COURSE_ID, STUDENT_ID, REG_CHALLAN_NUM, REG_FEE_AMOUNT, REG_DISCOUNT, REG_FINAL_AMOUNT, IS_PAID, REG_DATE)
VALUES
(
'RRH-0016', 'RR-0016', 'BB200', 'HB-0020', 'RC-10015', 1500, 1500, 0, 1, TO_DATE('1/1/2020','mm/dd/yyyy')
);

/* INSERT QUERY NO: 17 */
INSERT INTO HB_REGISTERATION_HISTORY(REG_HIST_ID, REG_ID, COURSE_ID, STUDENT_ID, REG_CHALLAN_NUM, REG_FEE_AMOUNT, REG_DISCOUNT, REG_FINAL_AMOUNT, IS_PAID, REG_DATE)
VALUES
(
'RRH-0017', 'RR-0017', 'BB200', 'HB-0021', 'RC-10016', 1300, 1300, 0, 0, TO_DATE('1/1/2020','mm/dd/yyyy')
);

/* INSERT QUERY NO: 18 */
INSERT INTO HB_REGISTERATION_HISTORY(REG_HIST_ID, REG_ID, COURSE_ID, STUDENT_ID, REG_CHALLAN_NUM, REG_FEE_AMOUNT, REG_DISCOUNT, REG_FINAL_AMOUNT, IS_PAID, REG_DATE)
VALUES
(
'RRH-0018', 'RR-0018', 'BB200', 'HB-0022', 'RC-10017', 1300, 1300, 0, 1, TO_DATE('1/1/2020','mm/dd/yyyy')
);

/* INSERT QUERY NO: 19 */
INSERT INTO HB_REGISTERATION_HISTORY(REG_HIST_ID, REG_ID, COURSE_ID, STUDENT_ID, REG_CHALLAN_NUM, REG_FEE_AMOUNT, REG_DISCOUNT, REG_FINAL_AMOUNT, IS_PAID, REG_DATE)
VALUES
(
'RRH-0019', 'RR-0019', 'BB200', 'HB-0023', 'RC-10018', 1200, 0, 1200, 1, TO_DATE('1/1/2020','mm/dd/yyyy')
);

/* INSERT QUERY NO: 20 */
INSERT INTO HB_REGISTERATION_HISTORY(REG_HIST_ID, REG_ID, COURSE_ID, STUDENT_ID, REG_CHALLAN_NUM, REG_FEE_AMOUNT, REG_DISCOUNT, REG_FINAL_AMOUNT, IS_PAID, REG_DATE)
VALUES
(
'RRH-0020', 'RR-0020', 'BB200', 'HB-0024', 'RC-10019', 1200, 600, 600, 0, TO_DATE('1/1/2020','mm/dd/yyyy')
);

/* INSERT QUERY NO: 21 */
INSERT INTO HB_REGISTERATION_HISTORY(REG_HIST_ID, REG_ID, COURSE_ID, STUDENT_ID, REG_CHALLAN_NUM, REG_FEE_AMOUNT, REG_DISCOUNT, REG_FINAL_AMOUNT, IS_PAID, REG_DATE)
VALUES
(
'RRH-0021', 'RR-0021', 'BB200', 'HB-0025', 'RC-10020', 1100, 0, 1100, 1, TO_DATE('1/1/2020','mm/dd/yyyy')
);

/* INSERT QUERY NO: 22 */
INSERT INTO HB_REGISTERATION_HISTORY(REG_HIST_ID, REG_ID, COURSE_ID, STUDENT_ID, REG_CHALLAN_NUM, REG_FEE_AMOUNT, REG_DISCOUNT, REG_FINAL_AMOUNT, IS_PAID, REG_DATE)
VALUES
(
'RRH-0022', 'RR-0022', 'BB200', 'HB-0026', 'RC-10021', 1100, 550, 550, 1, TO_DATE('1/1/2020','mm/dd/yyyy')
);

/* INSERT QUERY NO: 23 */
INSERT INTO HB_REGISTERATION_HISTORY(REG_HIST_ID, REG_ID, COURSE_ID, STUDENT_ID, REG_CHALLAN_NUM, REG_FEE_AMOUNT, REG_DISCOUNT, REG_FINAL_AMOUNT, IS_PAID, REG_DATE)
VALUES
(
'RRH-0023', 'RR-0023', 'BB200', 'HB-0027', 'RC-10022', 1000, 0, 1000, 1, TO_DATE('1/1/2020','mm/dd/yyyy')
);

/* INSERT QUERY NO: 24 */
INSERT INTO HB_REGISTERATION_HISTORY(REG_HIST_ID, REG_ID, COURSE_ID, STUDENT_ID, REG_CHALLAN_NUM, REG_FEE_AMOUNT, REG_DISCOUNT, REG_FINAL_AMOUNT, IS_PAID, REG_DATE)
VALUES
(
'RRH-0024', 'RR-0024', 'BB200', 'HB-0028', 'RC-10023', 1000, 500, 500, 1, TO_DATE('1/1/2020','mm/dd/yyyy')
);

/* INSERT QUERY NO: 25 */
INSERT INTO HB_REGISTERATION_HISTORY(REG_HIST_ID, REG_ID, COURSE_ID, STUDENT_ID, REG_CHALLAN_NUM, REG_FEE_AMOUNT, REG_DISCOUNT, REG_FINAL_AMOUNT, IS_PAID, REG_DATE)
VALUES
(
'RRH-0025', 'RR-0025', 'BB200', 'HB-0029', 'RC-10024', 700, 0, 700, 1, TO_DATE('1/1/2020','mm/dd/yyyy')
);

/* INSERT QUERY NO: 26 */
INSERT INTO HB_REGISTERATION_HISTORY(REG_HIST_ID, REG_ID, COURSE_ID, STUDENT_ID, REG_CHALLAN_NUM, REG_FEE_AMOUNT, REG_DISCOUNT, REG_FINAL_AMOUNT, IS_PAID, REG_DATE)
VALUES
(
'RRH-0026', 'RR-0026', 'BB200', 'HB-0030', 'RC-10025', 700, 350, 350, 1, TO_DATE('1/1/2020','mm/dd/yyyy')
);

/* INSERT QUERY NO: 27 */
INSERT INTO HB_REGISTERATION_HISTORY(REG_HIST_ID, REG_ID, COURSE_ID, STUDENT_ID, REG_CHALLAN_NUM, REG_FEE_AMOUNT, REG_DISCOUNT, REG_FINAL_AMOUNT, IS_PAID, REG_DATE)
VALUES
(
'RRH-0027', 'RR-0027', 'BB200', 'HB-0031', 'RC-10026', 500, 0, 500, 1, TO_DATE('1/1/2020','mm/dd/yyyy')
);

/* INSERT QUERY NO: 28 */
INSERT INTO HB_REGISTERATION_HISTORY(REG_HIST_ID, REG_ID, COURSE_ID, STUDENT_ID, REG_CHALLAN_NUM, REG_FEE_AMOUNT, REG_DISCOUNT, REG_FINAL_AMOUNT, IS_PAID, REG_DATE)
VALUES
(
'RRH-0028', 'RR-0028', 'BB200', 'HB-0032', 'RC-10027', 500, 250, 250, 1, TO_DATE('1/1/2020','mm/dd/yyyy')
);

/* INSERT QUERY NO: 29 */
INSERT INTO HB_REGISTERATION_HISTORY(REG_HIST_ID, REG_ID, COURSE_ID, STUDENT_ID, REG_CHALLAN_NUM, REG_FEE_AMOUNT, REG_DISCOUNT, REG_FINAL_AMOUNT, IS_PAID, REG_DATE)
VALUES
(
'RRH-0029', 'RR-0029', 'BB200', 'HB-0033', 'RC-10028', 500, 0, 500, 1, TO_DATE('1/1/2020','mm/dd/yyyy')
);

/* INSERT QUERY NO: 30 */
INSERT INTO HB_REGISTERATION_HISTORY(REG_HIST_ID, REG_ID, COURSE_ID, STUDENT_ID, REG_CHALLAN_NUM, REG_FEE_AMOUNT, REG_DISCOUNT, REG_FINAL_AMOUNT, IS_PAID, REG_DATE)
VALUES
(
'RRH-0030', 'RR-0030', 'BB200', 'HB-0034', 'RC-10029', 500, 250, 250, 1, TO_DATE('1/1/2020','mm/dd/yyyy')
);



/* Showing results for Section.xlsx */

/* CREATE TABLE */
CREATE TABLE HB_SECTION(
    CLASS_ID INT,
    SECTION_ID VARCHAR2(1),
    TITLE VARCHAR2(40)
);

/* INSERT QUERY NO: 1 */
INSERT INTO HB_SECTION(CLASS_ID, SECTION_ID, TITLE)
VALUES
(
1, 'A', 'Little Kids'
);

/* INSERT QUERY NO: 2 */
INSERT INTO HB_SECTION(CLASS_ID, SECTION_ID, TITLE)
VALUES
(
2, 'A', 'Older Studs'
);

/* INSERT QUERY NO: 3 */
INSERT INTO HB_SECTION(CLASS_ID, SECTION_ID, TITLE)
VALUES
(
3, 'A', 'Cool Studs'
);

/* INSERT QUERY NO: 4 */
INSERT INTO HB_SECTION(CLASS_ID, SECTION_ID, TITLE)
VALUES
(
4, 'A', 'Cooler Studs'
);

/* INSERT QUERY NO: 5 */
INSERT INTO HB_SECTION(CLASS_ID, SECTION_ID, TITLE)
VALUES
(
5, 'A', 'Lotas'
);

/* INSERT QUERY NO: 6 */
INSERT INTO HB_SECTION(CLASS_ID, SECTION_ID, TITLE)
VALUES
(
6, 'A', 'Just Do It'
);

/* INSERT QUERY NO: 7 */
INSERT INTO HB_SECTION(CLASS_ID, SECTION_ID, TITLE)
VALUES
(
7, 'A', 'Big Boys'
);

/* INSERT QUERY NO: 8 */
INSERT INTO HB_SECTION(CLASS_ID, SECTION_ID, TITLE)
VALUES
(
7, 'B', 'Girly Squad'
);

/* INSERT QUERY NO: 9 */
INSERT INTO HB_SECTION(CLASS_ID, SECTION_ID, TITLE)
VALUES
(
8, 'A', 'Brainiacs'
);


/* Showing results for Student_History.xlsx */

/* CREATE TABLE */
CREATE TABLE HB_STUDENT_HISTORY(
    SH_ID VARCHAR2(7) PRIMARY KEY,
    STUDENT_ID VARCHAR2(7),
    CHANGES VARCHAR2(2000)
);

/* INSERT QUERY NO: 1 */
INSERT INTO HB_STUDENT_HISTORY(SH_ID, STUDENT_ID, CHANGES)
VALUES
(
'SH-0001', 'HB-0001', 'Name FROM Noah Legend TO Noah LaRotonda'
);


/* Showing results for Admitted_Student.xlsx */

/* CREATE TABLE */
CREATE TABLE HB_ADMITTED_STUDENT(
    STUDENT_ID VARCHAR2(7) PRIMARY KEY,
    CHILD_ID NUMBER(10),
    PARENT_ID NUMBER(10),
    GUARD_ID NUMBER(10),
    CHALLAN_NUM VARCHAR2(6),
    FEE_AMOUNT NUMBER(10),
    DISCOUNT NUMBER(10),
    FINAL_AMOUNT NUMBER(10),
    IS_PAID NUMBER(1) DEFAULT 0 NOT NULL,
    JOIN_DATE DATE NOT NULL
);

/* INSERT QUERY NO: 1 */
INSERT INTO HB_ADMITTED_STUDENT(STUDENT_ID, CHILD_ID, PARENT_ID, GUARD_ID, CHALLAN_NUM, FEE_AMOUNT, DISCOUNT, FINAL_AMOUNT, IS_PAID, JOIN_DATE)
VALUES
(
'HB-0001', 1000, 2000, 3000, 'C-1000', 500, 0, 500, 1, TO_DATE('1/1/2019','mm/dd/yyyy')
);

/* INSERT QUERY NO: 2 */
INSERT INTO HB_ADMITTED_STUDENT(STUDENT_ID, CHILD_ID, PARENT_ID, GUARD_ID, CHALLAN_NUM, FEE_AMOUNT, DISCOUNT, FINAL_AMOUNT, IS_PAID, JOIN_DATE)
VALUES
(
'HB-0002', 1001, 2000, 3000, 'C-1001', 500, 0, 500, 1, TO_DATE('1/1/2019','mm/dd/yyyy')
);

/* INSERT QUERY NO: 3 */
INSERT INTO HB_ADMITTED_STUDENT(STUDENT_ID, CHILD_ID, PARENT_ID, GUARD_ID, CHALLAN_NUM, FEE_AMOUNT, DISCOUNT, FINAL_AMOUNT, IS_PAID, JOIN_DATE)
VALUES
(
'HB-0003', 1002, 2001, 3002, 'C-1002', 500, 0, 500, 1, TO_DATE('1/1/2018','mm/dd/yyyy')
);

/* INSERT QUERY NO: 4 */
INSERT INTO HB_ADMITTED_STUDENT(STUDENT_ID, CHILD_ID, PARENT_ID, GUARD_ID, CHALLAN_NUM, FEE_AMOUNT, DISCOUNT, FINAL_AMOUNT, IS_PAID, JOIN_DATE)
VALUES
(
'HB-0004', 1003, 2001, 3002, 'C-1003', 500, 0, 500, 1, TO_DATE('1/1/2018','mm/dd/yyyy')
);

/* INSERT QUERY NO: 5 */
INSERT INTO HB_ADMITTED_STUDENT(STUDENT_ID, CHILD_ID, PARENT_ID, GUARD_ID, CHALLAN_NUM, FEE_AMOUNT, DISCOUNT, FINAL_AMOUNT, IS_PAID, JOIN_DATE)
VALUES
(
'HB-0005', 1004, 2002, 3003, 'C-1004', 500, 0, 500, 1, TO_DATE('1/1/2020','mm/dd/yyyy')
);

/* INSERT QUERY NO: 6 */
INSERT INTO HB_ADMITTED_STUDENT(STUDENT_ID, CHILD_ID, PARENT_ID, GUARD_ID, CHALLAN_NUM, FEE_AMOUNT, DISCOUNT, FINAL_AMOUNT, IS_PAID, JOIN_DATE)
VALUES
(
'HB-0006', 1005, 2002, 3003, 'C-1005', 500, 0, 500, 1, TO_DATE('1/1/2020','mm/dd/yyyy')
);

/* INSERT QUERY NO: 7 */
INSERT INTO HB_ADMITTED_STUDENT(STUDENT_ID, CHILD_ID, PARENT_ID, GUARD_ID, CHALLAN_NUM, FEE_AMOUNT, DISCOUNT, FINAL_AMOUNT, IS_PAID, JOIN_DATE)
VALUES
(
'HB-0007', 1006, 2003, 3007, 'C-1006', 500, 0, 500, 1, TO_DATE('1/1/2020','mm/dd/yyyy')
);

/* INSERT QUERY NO: 8 */
INSERT INTO HB_ADMITTED_STUDENT(STUDENT_ID, CHILD_ID, PARENT_ID, GUARD_ID, CHALLAN_NUM, FEE_AMOUNT, DISCOUNT, FINAL_AMOUNT, IS_PAID, JOIN_DATE)
VALUES
(
'HB-0008', 1007, 2003, 3007, 'C-1007', 500, 0, 500, 1, TO_DATE('1/1/2020','mm/dd/yyyy')
);

/* INSERT QUERY NO: 9 */
INSERT INTO HB_ADMITTED_STUDENT(STUDENT_ID, CHILD_ID, PARENT_ID, GUARD_ID, CHALLAN_NUM, FEE_AMOUNT, DISCOUNT, FINAL_AMOUNT, IS_PAID, JOIN_DATE)
VALUES
(
'HB-0009', 1008, 2004, 3008, 'C-1008', 600, 0, 600, 1, TO_DATE('1/1/2020','mm/dd/yyyy')
);

/* INSERT QUERY NO: 10 */
INSERT INTO HB_ADMITTED_STUDENT(STUDENT_ID, CHILD_ID, PARENT_ID, GUARD_ID, CHALLAN_NUM, FEE_AMOUNT, DISCOUNT, FINAL_AMOUNT, IS_PAID, JOIN_DATE)
VALUES
(
'HB-0010', 1009, 2004, 3008, 'C-1009', 600, 0, 600, 1, TO_DATE('1/1/2020','mm/dd/yyyy')
);

/* INSERT QUERY NO: 11 */
INSERT INTO HB_ADMITTED_STUDENT(STUDENT_ID, CHILD_ID, PARENT_ID, GUARD_ID, CHALLAN_NUM, FEE_AMOUNT, DISCOUNT, FINAL_AMOUNT, IS_PAID, JOIN_DATE)
VALUES
(
'HB-0011', 1010, 2005, 3009, 'C-1010', 600, 0, 600, 1, TO_DATE('1/1/2020','mm/dd/yyyy')
);

/* INSERT QUERY NO: 12 */
INSERT INTO HB_ADMITTED_STUDENT(STUDENT_ID, CHILD_ID, PARENT_ID, GUARD_ID, CHALLAN_NUM, FEE_AMOUNT, DISCOUNT, FINAL_AMOUNT, IS_PAID, JOIN_DATE)
VALUES
(
'HB-0012', 1011, 2005, 3009, 'C-1011', 600, 0, 600, 1, TO_DATE('1/1/2020','mm/dd/yyyy')
);

/* INSERT QUERY NO: 13 */
INSERT INTO HB_ADMITTED_STUDENT(STUDENT_ID, CHILD_ID, PARENT_ID, GUARD_ID, CHALLAN_NUM, FEE_AMOUNT, DISCOUNT, FINAL_AMOUNT, IS_PAID, JOIN_DATE)
VALUES
(
'HB-0013', 1012, 2006, 3001, 'C-1012', 600, 480, 100, 1, TO_DATE('1/1/2020','mm/dd/yyyy')
);

/* INSERT QUERY NO: 14 */
INSERT INTO HB_ADMITTED_STUDENT(STUDENT_ID, CHILD_ID, PARENT_ID, GUARD_ID, CHALLAN_NUM, FEE_AMOUNT, DISCOUNT, FINAL_AMOUNT, IS_PAID, JOIN_DATE)
VALUES
(
'HB-0014', 1013, 2006, 3001, 'C-1013', 600, 480, 100, 1, TO_DATE('1/1/2020','mm/dd/yyyy')
);

/* INSERT QUERY NO: 15 */
INSERT INTO HB_ADMITTED_STUDENT(STUDENT_ID, CHILD_ID, PARENT_ID, GUARD_ID, CHALLAN_NUM, FEE_AMOUNT, DISCOUNT, FINAL_AMOUNT, IS_PAID, JOIN_DATE)
VALUES
(
'HB-0015', 1014, 2007, 3004, 'C-1014', 600, 0, 600, 1, TO_DATE('1/1/2020','mm/dd/yyyy')
);

/* INSERT QUERY NO: 16 */
INSERT INTO HB_ADMITTED_STUDENT(STUDENT_ID, CHILD_ID, PARENT_ID, GUARD_ID, CHALLAN_NUM, FEE_AMOUNT, DISCOUNT, FINAL_AMOUNT, IS_PAID, JOIN_DATE)
VALUES
(
'HB-0016', 1015, 2007, 3004, 'C-1015', 600, 0, 600, 1, TO_DATE('1/1/2020','mm/dd/yyyy')
);

/* INSERT QUERY NO: 17 */
INSERT INTO HB_ADMITTED_STUDENT(STUDENT_ID, CHILD_ID, PARENT_ID, GUARD_ID, CHALLAN_NUM, FEE_AMOUNT, DISCOUNT, FINAL_AMOUNT, IS_PAID, JOIN_DATE)
VALUES
(
'HB-0017', 1016, 2008, 3005, 'C-1016', 600, 480, 100, 1, TO_DATE('1/1/2020','mm/dd/yyyy')
);

/* INSERT QUERY NO: 18 */
INSERT INTO HB_ADMITTED_STUDENT(STUDENT_ID, CHILD_ID, PARENT_ID, GUARD_ID, CHALLAN_NUM, FEE_AMOUNT, DISCOUNT, FINAL_AMOUNT, IS_PAID, JOIN_DATE)
VALUES
(
'HB-0018', 1017, 2008, 3005, 'C-1017', 600, 480, 100, 1, TO_DATE('1/1/2020','mm/dd/yyyy')
);

/* INSERT QUERY NO: 19 */
INSERT INTO HB_ADMITTED_STUDENT(STUDENT_ID, CHILD_ID, PARENT_ID, GUARD_ID, CHALLAN_NUM, FEE_AMOUNT, DISCOUNT, FINAL_AMOUNT, IS_PAID, JOIN_DATE)
VALUES
(
'HB-0019', 1018, 2009, 3006, 'C-1018', 600, 600, 0, 1, TO_DATE('1/1/2020','mm/dd/yyyy')
);

/* INSERT QUERY NO: 20 */
INSERT INTO HB_ADMITTED_STUDENT(STUDENT_ID, CHILD_ID, PARENT_ID, GUARD_ID, CHALLAN_NUM, FEE_AMOUNT, DISCOUNT, FINAL_AMOUNT, IS_PAID, JOIN_DATE)
VALUES
(
'HB-0020', 1019, 2009, 3006, 'C-1019', 600, 600, 0, 1, TO_DATE('1/1/2020','mm/dd/yyyy')
);

/* INSERT QUERY NO: 21 */
INSERT INTO HB_ADMITTED_STUDENT(STUDENT_ID, CHILD_ID, PARENT_ID, GUARD_ID, CHALLAN_NUM, FEE_AMOUNT, DISCOUNT, FINAL_AMOUNT, IS_PAID, JOIN_DATE)
VALUES
(
'HB-0021', 1020, 2010, 3010, 'C-1020', 700, 700, 0, 1, TO_DATE('1/1/2020','mm/dd/yyyy')
);

/* INSERT QUERY NO: 22 */
INSERT INTO HB_ADMITTED_STUDENT(STUDENT_ID, CHILD_ID, PARENT_ID, GUARD_ID, CHALLAN_NUM, FEE_AMOUNT, DISCOUNT, FINAL_AMOUNT, IS_PAID, JOIN_DATE)
VALUES
(
'HB-0022', 1021, 2010, 3010, 'C-1021', 700, 700, 0, 1, TO_DATE('1/1/2020','mm/dd/yyyy')
);

/* INSERT QUERY NO: 23 */
INSERT INTO HB_ADMITTED_STUDENT(STUDENT_ID, CHILD_ID, PARENT_ID, GUARD_ID, CHALLAN_NUM, FEE_AMOUNT, DISCOUNT, FINAL_AMOUNT, IS_PAID, JOIN_DATE)
VALUES
(
'HB-0023', 1022, 2000, 3000, 'C-1022', 700, 0, 700, 1, TO_DATE('1/1/2020','mm/dd/yyyy')
);

/* INSERT QUERY NO: 24 */
INSERT INTO HB_ADMITTED_STUDENT(STUDENT_ID, CHILD_ID, PARENT_ID, GUARD_ID, CHALLAN_NUM, FEE_AMOUNT, DISCOUNT, FINAL_AMOUNT, IS_PAID, JOIN_DATE)
VALUES
(
'HB-0024', 1023, 2000, 3000, 'C-1023', 700, 350, 450, 1, TO_DATE('1/1/2020','mm/dd/yyyy')
);

/* INSERT QUERY NO: 25 */
INSERT INTO HB_ADMITTED_STUDENT(STUDENT_ID, CHILD_ID, PARENT_ID, GUARD_ID, CHALLAN_NUM, FEE_AMOUNT, DISCOUNT, FINAL_AMOUNT, IS_PAID, JOIN_DATE)
VALUES
(
'HB-0025', 1024, 2001, 3002, 'C-1024', 800, 0, 800, 1, TO_DATE('1/1/2020','mm/dd/yyyy')
);

/* INSERT QUERY NO: 26 */
INSERT INTO HB_ADMITTED_STUDENT(STUDENT_ID, CHILD_ID, PARENT_ID, GUARD_ID, CHALLAN_NUM, FEE_AMOUNT, DISCOUNT, FINAL_AMOUNT, IS_PAID, JOIN_DATE)
VALUES
(
'HB-0026', 1025, 2001, 3002, 'C-1025', 800, 400, 500, 1, TO_DATE('1/1/2020','mm/dd/yyyy')
);

/* INSERT QUERY NO: 27 */
INSERT INTO HB_ADMITTED_STUDENT(STUDENT_ID, CHILD_ID, PARENT_ID, GUARD_ID, CHALLAN_NUM, FEE_AMOUNT, DISCOUNT, FINAL_AMOUNT, IS_PAID, JOIN_DATE)
VALUES
(
'HB-0027', 1026, 2002, 3003, 'C-1026', 800, 0, 800, 1, TO_DATE('1/1/2020','mm/dd/yyyy')
);

/* INSERT QUERY NO: 28 */
INSERT INTO HB_ADMITTED_STUDENT(STUDENT_ID, CHILD_ID, PARENT_ID, GUARD_ID, CHALLAN_NUM, FEE_AMOUNT, DISCOUNT, FINAL_AMOUNT, IS_PAID, JOIN_DATE)
VALUES
(
'HB-0028', 1027, 2002, 3003, 'C-1027', 800, 400, 500, 1, TO_DATE('1/1/2020','mm/dd/yyyy')
);

/* INSERT QUERY NO: 29 */
INSERT INTO HB_ADMITTED_STUDENT(STUDENT_ID, CHILD_ID, PARENT_ID, GUARD_ID, CHALLAN_NUM, FEE_AMOUNT, DISCOUNT, FINAL_AMOUNT, IS_PAID, JOIN_DATE)
VALUES
(
'HB-0029', 1028, 2003, 3007, 'C-1028', 900, 0, 900, 1, TO_DATE('1/1/2020','mm/dd/yyyy')
);

/* INSERT QUERY NO: 30 */
INSERT INTO HB_ADMITTED_STUDENT(STUDENT_ID, CHILD_ID, PARENT_ID, GUARD_ID, CHALLAN_NUM, FEE_AMOUNT, DISCOUNT, FINAL_AMOUNT, IS_PAID, JOIN_DATE)
VALUES
(
'HB-0030', 1029, 2003, 3007, 'C-1029', 900, 450, 550, 1, TO_DATE('1/1/2020','mm/dd/yyyy')
);

/* INSERT QUERY NO: 31 */
INSERT INTO HB_ADMITTED_STUDENT(STUDENT_ID, CHILD_ID, PARENT_ID, GUARD_ID, CHALLAN_NUM, FEE_AMOUNT, DISCOUNT, FINAL_AMOUNT, IS_PAID, JOIN_DATE)
VALUES
(
'HB-0031', 1030, 2004, 3008, 'C-1030', 900, 0, 900, 1, TO_DATE('1/1/2020','mm/dd/yyyy')
);

/* INSERT QUERY NO: 32 */
INSERT INTO HB_ADMITTED_STUDENT(STUDENT_ID, CHILD_ID, PARENT_ID, GUARD_ID, CHALLAN_NUM, FEE_AMOUNT, DISCOUNT, FINAL_AMOUNT, IS_PAID, JOIN_DATE)
VALUES
(
'HB-0032', 1031, 2004, 3008, 'C-1031', 900, 450, 550, 1, TO_DATE('1/1/2020','mm/dd/yyyy')
);

/* INSERT QUERY NO: 33 */
INSERT INTO HB_ADMITTED_STUDENT(STUDENT_ID, CHILD_ID, PARENT_ID, GUARD_ID, CHALLAN_NUM, FEE_AMOUNT, DISCOUNT, FINAL_AMOUNT, IS_PAID, JOIN_DATE)
VALUES
(
'HB-0033', 1032, 2005, 3009, 'C-1032', 900, 0, 900, 1, TO_DATE('1/1/2020','mm/dd/yyyy')
);

/* INSERT QUERY NO: 34 */
INSERT INTO HB_ADMITTED_STUDENT(STUDENT_ID, CHILD_ID, PARENT_ID, GUARD_ID, CHALLAN_NUM, FEE_AMOUNT, DISCOUNT, FINAL_AMOUNT, IS_PAID, JOIN_DATE)
VALUES
(
'HB-0034', 1033, 2005, 3009, 'C-1033', 900, 450, 550, 1, TO_DATE('1/1/2020','mm/dd/yyyy')
);


/* Showing results for Class_Assignment.xlsx */

/* CREATE TABLE */
CREATE TABLE HB_CLASS_ASSIGNMENT(
    CA_ID VARCHAR2(7) PRIMARY KEY,
    CLASS_ID INT,
    SECTION_ID VARCHAR2(1),
    REG_ID VARCHAR2(7)
);

/* INSERT QUERY NO: 1 */
INSERT INTO HB_CLASS_ASSIGNMENT(CA_ID, CLASS_ID, SECTION_ID, REG_ID)
VALUES
(
'CA-0001', 8, 'A', 'RR-0001'
);

/* INSERT QUERY NO: 2 */
INSERT INTO HB_CLASS_ASSIGNMENT(CA_ID, CLASS_ID, SECTION_ID, REG_ID)
VALUES
(
'CA-0002', 8, 'A', 'RR-0002'
);

/* INSERT QUERY NO: 3 */
INSERT INTO HB_CLASS_ASSIGNMENT(CA_ID, CLASS_ID, SECTION_ID, REG_ID)
VALUES
(
'CA-0003', 8, 'A', 'RR-0003'
);

/* INSERT QUERY NO: 4 */
INSERT INTO HB_CLASS_ASSIGNMENT(CA_ID, CLASS_ID, SECTION_ID, REG_ID)
VALUES
(
'CA-0004', 8, 'A', 'RR-0004'
);

/* INSERT QUERY NO: 5 */
INSERT INTO HB_CLASS_ASSIGNMENT(CA_ID, CLASS_ID, SECTION_ID, REG_ID)
VALUES
(
'CA-0005', 7, 'A', 'RR-0005'
);

/* INSERT QUERY NO: 6 */
INSERT INTO HB_CLASS_ASSIGNMENT(CA_ID, CLASS_ID, SECTION_ID, REG_ID)
VALUES
(
'CA-0006', 7, 'B', 'RR-0006'
);

/* INSERT QUERY NO: 7 */
INSERT INTO HB_CLASS_ASSIGNMENT(CA_ID, CLASS_ID, SECTION_ID, REG_ID)
VALUES
(
'CA-0007', 7, 'B', 'RR-0007'
);

/* INSERT QUERY NO: 8 */
INSERT INTO HB_CLASS_ASSIGNMENT(CA_ID, CLASS_ID, SECTION_ID, REG_ID)
VALUES
(
'CA-0008', 7, 'B', 'RR-0008'
);

/* INSERT QUERY NO: 9 */
INSERT INTO HB_CLASS_ASSIGNMENT(CA_ID, CLASS_ID, SECTION_ID, REG_ID)
VALUES
(
'CA-0009', 7, 'B', 'RR-0009'
);

/* INSERT QUERY NO: 10 */
INSERT INTO HB_CLASS_ASSIGNMENT(CA_ID, CLASS_ID, SECTION_ID, REG_ID)
VALUES
(
'CA-0010', 6, 'A', 'RR-0010'
);

/* INSERT QUERY NO: 11 */
INSERT INTO HB_CLASS_ASSIGNMENT(CA_ID, CLASS_ID, SECTION_ID, REG_ID)
VALUES
(
'CA-0011', 6, 'A', 'RR-0011'
);

/* INSERT QUERY NO: 12 */
INSERT INTO HB_CLASS_ASSIGNMENT(CA_ID, CLASS_ID, SECTION_ID, REG_ID)
VALUES
(
'CA-0012', 7, 'B', 'RR-0012'
);

/* INSERT QUERY NO: 13 */
INSERT INTO HB_CLASS_ASSIGNMENT(CA_ID, CLASS_ID, SECTION_ID, REG_ID)
VALUES
(
'CA-0013', 7, 'B', 'RR-0013'
);

/* INSERT QUERY NO: 14 */
INSERT INTO HB_CLASS_ASSIGNMENT(CA_ID, CLASS_ID, SECTION_ID, REG_ID)
VALUES
(
'CA-0014', 7, 'A', 'RR-0014'
);

/* INSERT QUERY NO: 15 */
INSERT INTO HB_CLASS_ASSIGNMENT(CA_ID, CLASS_ID, SECTION_ID, REG_ID)
VALUES
(
'CA-0015', 7, 'B', 'RR-0015'
);

/* INSERT QUERY NO: 16 */
INSERT INTO HB_CLASS_ASSIGNMENT(CA_ID, CLASS_ID, SECTION_ID, REG_ID)
VALUES
(
'CA-0016', 7, 'B', 'RR-0016'
);

/* INSERT QUERY NO: 17 */
INSERT INTO HB_CLASS_ASSIGNMENT(CA_ID, CLASS_ID, SECTION_ID, REG_ID)
VALUES
(
'CA-0017', 6, 'A', 'RR-0017'
);

/* INSERT QUERY NO: 18 */
INSERT INTO HB_CLASS_ASSIGNMENT(CA_ID, CLASS_ID, SECTION_ID, REG_ID)
VALUES
(
'CA-0018', 6, 'A', 'RR-0018'
);

/* INSERT QUERY NO: 19 */
INSERT INTO HB_CLASS_ASSIGNMENT(CA_ID, CLASS_ID, SECTION_ID, REG_ID)
VALUES
(
'CA-0019', 5, 'A', 'RR-0019'
);

/* INSERT QUERY NO: 20 */
INSERT INTO HB_CLASS_ASSIGNMENT(CA_ID, CLASS_ID, SECTION_ID, REG_ID)
VALUES
(
'CA-0020', 5, 'A', 'RR-0020'
);

/* INSERT QUERY NO: 21 */
INSERT INTO HB_CLASS_ASSIGNMENT(CA_ID, CLASS_ID, SECTION_ID, REG_ID)
VALUES
(
'CA-0021', 4, 'A', 'RR-0021'
);

/* INSERT QUERY NO: 22 */
INSERT INTO HB_CLASS_ASSIGNMENT(CA_ID, CLASS_ID, SECTION_ID, REG_ID)
VALUES
(
'CA-0022', 4, 'A', 'RR-0022'
);

/* INSERT QUERY NO: 23 */
INSERT INTO HB_CLASS_ASSIGNMENT(CA_ID, CLASS_ID, SECTION_ID, REG_ID)
VALUES
(
'CA-0023', 3, 'A', 'RR-0023'
);

/* INSERT QUERY NO: 24 */
INSERT INTO HB_CLASS_ASSIGNMENT(CA_ID, CLASS_ID, SECTION_ID, REG_ID)
VALUES
(
'CA-0024', 3, 'A', 'RR-0024'
);

/* INSERT QUERY NO: 25 */
INSERT INTO HB_CLASS_ASSIGNMENT(CA_ID, CLASS_ID, SECTION_ID, REG_ID)
VALUES
(
'CA-0025', 2, 'A', 'RR-0025'
);

/* INSERT QUERY NO: 26 */
INSERT INTO HB_CLASS_ASSIGNMENT(CA_ID, CLASS_ID, SECTION_ID, REG_ID)
VALUES
(
'CA-0026', 2, 'A', 'RR-0026'
);

/* INSERT QUERY NO: 27 */
INSERT INTO HB_CLASS_ASSIGNMENT(CA_ID, CLASS_ID, SECTION_ID, REG_ID)
VALUES
(
'CA-0027', 1, 'A', 'RR-0027'
);

/* INSERT QUERY NO: 28 */
INSERT INTO HB_CLASS_ASSIGNMENT(CA_ID, CLASS_ID, SECTION_ID, REG_ID)
VALUES
(
'CA-0028', 1, 'A', 'RR-0028'
);

/* INSERT QUERY NO: 29 */
INSERT INTO HB_CLASS_ASSIGNMENT(CA_ID, CLASS_ID, SECTION_ID, REG_ID)
VALUES
(
'CA-0029', 1, 'A', 'RR-0029'
);

/* INSERT QUERY NO: 30 */
INSERT INTO HB_CLASS_ASSIGNMENT(CA_ID, CLASS_ID, SECTION_ID, REG_ID)
VALUES
(
'CA-0030', 1, 'A', 'RR-0030'
);


/* Showing results for Class_Assignment_Hist.xlsx */

/* CREATE TABLE */
CREATE TABLE HB_CLASS_ASSIGNMENT_HIST(
    CLASS_ID_HISTORY VARCHAR2(8) PRIMARY KEY,
    CLASS_ID INT,
    SECTION_ID VARCHAR2(1),
    REG_ID VARCHAR2(7)
);

/* INSERT QUERY NO: 1 */
INSERT INTO HB_CLASS_ASSIGNMENT_HIST(CLASS_ID_HISTORY, CLASS_ID, SECTION_ID, REG_ID)
VALUES
(
'CID-0001', 8, 'A', 'RR-0001'
);

/* INSERT QUERY NO: 2 */
INSERT INTO HB_CLASS_ASSIGNMENT_HIST(CLASS_ID_HISTORY, CLASS_ID, SECTION_ID, REG_ID)
VALUES
(
'CID-0002', 8, 'A', 'RR-0002'
);

/* INSERT QUERY NO: 3 */
INSERT INTO HB_CLASS_ASSIGNMENT_HIST(CLASS_ID_HISTORY, CLASS_ID, SECTION_ID, REG_ID)
VALUES
(
'CID-0003', 8, 'A', 'RR-0003'
);

/* INSERT QUERY NO: 4 */
INSERT INTO HB_CLASS_ASSIGNMENT_HIST(CLASS_ID_HISTORY, CLASS_ID, SECTION_ID, REG_ID)
VALUES
(
'CID-0004', 8, 'A', 'RR-0004'
);

/* INSERT QUERY NO: 5 */
INSERT INTO HB_CLASS_ASSIGNMENT_HIST(CLASS_ID_HISTORY, CLASS_ID, SECTION_ID, REG_ID)
VALUES
(
'CID-0005', 7, 'A', 'RR-0005'
);

/* INSERT QUERY NO: 6 */
INSERT INTO HB_CLASS_ASSIGNMENT_HIST(CLASS_ID_HISTORY, CLASS_ID, SECTION_ID, REG_ID)
VALUES
(
'CID-0006', 7, 'B', 'RR-0006'
);

/* INSERT QUERY NO: 7 */
INSERT INTO HB_CLASS_ASSIGNMENT_HIST(CLASS_ID_HISTORY, CLASS_ID, SECTION_ID, REG_ID)
VALUES
(
'CID-0007', 7, 'B', 'RR-0007'
);

/* INSERT QUERY NO: 8 */
INSERT INTO HB_CLASS_ASSIGNMENT_HIST(CLASS_ID_HISTORY, CLASS_ID, SECTION_ID, REG_ID)
VALUES
(
'CID-0008', 7, 'B', 'RR-0008'
);

/* INSERT QUERY NO: 9 */
INSERT INTO HB_CLASS_ASSIGNMENT_HIST(CLASS_ID_HISTORY, CLASS_ID, SECTION_ID, REG_ID)
VALUES
(
'CID-0009', 7, 'B', 'RR-0009'
);

/* INSERT QUERY NO: 10 */
INSERT INTO HB_CLASS_ASSIGNMENT_HIST(CLASS_ID_HISTORY, CLASS_ID, SECTION_ID, REG_ID)
VALUES
(
'CID-0010', 7, 'A', 'RR-0010'
);

/* INSERT QUERY NO: 11 */
INSERT INTO HB_CLASS_ASSIGNMENT_HIST(CLASS_ID_HISTORY, CLASS_ID, SECTION_ID, REG_ID)
VALUES
(
'CID-0011', 7, 'A', 'RR-0011'
);

/* INSERT QUERY NO: 12 */
INSERT INTO HB_CLASS_ASSIGNMENT_HIST(CLASS_ID_HISTORY, CLASS_ID, SECTION_ID, REG_ID)
VALUES
(
'CID-0012', 7, 'B', 'RR-0012'
);

/* INSERT QUERY NO: 13 */
INSERT INTO HB_CLASS_ASSIGNMENT_HIST(CLASS_ID_HISTORY, CLASS_ID, SECTION_ID, REG_ID)
VALUES
(
'CID-0013', 7, 'B', 'RR-0013'
);

/* INSERT QUERY NO: 14 */
INSERT INTO HB_CLASS_ASSIGNMENT_HIST(CLASS_ID_HISTORY, CLASS_ID, SECTION_ID, REG_ID)
VALUES
(
'CID-0014', 7, 'A', 'RR-0014'
);

/* INSERT QUERY NO: 15 */
INSERT INTO HB_CLASS_ASSIGNMENT_HIST(CLASS_ID_HISTORY, CLASS_ID, SECTION_ID, REG_ID)
VALUES
(
'CID-0015', 7, 'B', 'RR-0015'
);

/* INSERT QUERY NO: 16 */
INSERT INTO HB_CLASS_ASSIGNMENT_HIST(CLASS_ID_HISTORY, CLASS_ID, SECTION_ID, REG_ID)
VALUES
(
'CID-0016', 7, 'B', 'RR-0016'
);

/* INSERT QUERY NO: 17 */
INSERT INTO HB_CLASS_ASSIGNMENT_HIST(CLASS_ID_HISTORY, CLASS_ID, SECTION_ID, REG_ID)
VALUES
(
'CID-0017', 6, 'A', 'RR-0017'
);

/* INSERT QUERY NO: 18 */
INSERT INTO HB_CLASS_ASSIGNMENT_HIST(CLASS_ID_HISTORY, CLASS_ID, SECTION_ID, REG_ID)
VALUES
(
'CID-0018', 6, 'A', 'RR-0018'
);

/* INSERT QUERY NO: 19 */
INSERT INTO HB_CLASS_ASSIGNMENT_HIST(CLASS_ID_HISTORY, CLASS_ID, SECTION_ID, REG_ID)
VALUES
(
'CID-0019', 5, 'A', 'RR-0019'
);

/* INSERT QUERY NO: 20 */
INSERT INTO HB_CLASS_ASSIGNMENT_HIST(CLASS_ID_HISTORY, CLASS_ID, SECTION_ID, REG_ID)
VALUES
(
'CID-0020', 5, 'A', 'RR-0020'
);

/* INSERT QUERY NO: 21 */
INSERT INTO HB_CLASS_ASSIGNMENT_HIST(CLASS_ID_HISTORY, CLASS_ID, SECTION_ID, REG_ID)
VALUES
(
'CID-0021', 4, 'A', 'RR-0021'
);

/* INSERT QUERY NO: 22 */
INSERT INTO HB_CLASS_ASSIGNMENT_HIST(CLASS_ID_HISTORY, CLASS_ID, SECTION_ID, REG_ID)
VALUES
(
'CID-0022', 4, 'A', 'RR-0022'
);

/* INSERT QUERY NO: 23 */
INSERT INTO HB_CLASS_ASSIGNMENT_HIST(CLASS_ID_HISTORY, CLASS_ID, SECTION_ID, REG_ID)
VALUES
(
'CID-0023', 3, 'A', 'RR-0023'
);

/* INSERT QUERY NO: 24 */
INSERT INTO HB_CLASS_ASSIGNMENT_HIST(CLASS_ID_HISTORY, CLASS_ID, SECTION_ID, REG_ID)
VALUES
(
'CID-0024', 3, 'A', 'RR-0024'
);

/* INSERT QUERY NO: 25 */
INSERT INTO HB_CLASS_ASSIGNMENT_HIST(CLASS_ID_HISTORY, CLASS_ID, SECTION_ID, REG_ID)
VALUES
(
'CID-0025', 2, 'A', 'RR-0025'
);

/* INSERT QUERY NO: 26 */
INSERT INTO HB_CLASS_ASSIGNMENT_HIST(CLASS_ID_HISTORY, CLASS_ID, SECTION_ID, REG_ID)
VALUES
(
'CID-0026', 2, 'A', 'RR-0026'
);

/* INSERT QUERY NO: 27 */
INSERT INTO HB_CLASS_ASSIGNMENT_HIST(CLASS_ID_HISTORY, CLASS_ID, SECTION_ID, REG_ID)
VALUES
(
'CID-0027', 1, 'A', 'RR-0027'
);

/* INSERT QUERY NO: 28 */
INSERT INTO HB_CLASS_ASSIGNMENT_HIST(CLASS_ID_HISTORY, CLASS_ID, SECTION_ID, REG_ID)
VALUES
(
'CID-0028', 1, 'A', 'RR-0028'
);

/* INSERT QUERY NO: 29 */
INSERT INTO HB_CLASS_ASSIGNMENT_HIST(CLASS_ID_HISTORY, CLASS_ID, SECTION_ID, REG_ID)
VALUES
(
'CID-0029', 1, 'A', 'RR-0029'
);

/* INSERT QUERY NO: 30 */
INSERT INTO HB_CLASS_ASSIGNMENT_HIST(CLASS_ID_HISTORY, CLASS_ID, SECTION_ID, REG_ID)
VALUES
(
'CID-0030', 1, 'A', 'RR-0030'
);

/* INSERT QUERY NO: 31 */
INSERT INTO HB_CLASS_ASSIGNMENT_HIST(CLASS_ID_HISTORY, CLASS_ID, SECTION_ID, REG_ID)
VALUES
(
'CID-0031', 6, 'A', 'RR-0010'
);

/* INSERT QUERY NO: 32 */
INSERT INTO HB_CLASS_ASSIGNMENT_HIST(CLASS_ID_HISTORY, CLASS_ID, SECTION_ID, REG_ID)
VALUES
(
'CID-0032', 6, 'A', 'RR-0011'
);


/* Showing results for New_Class_Assignment.xlsx */

/* CREATE TABLE */
CREATE TABLE HB_NEW_CLASS_ASSIGNMENT(
    NCA_ID VARCHAR2(8) PRIMARY KEY,
    STUDENT_ID VARCHAR2(7),
    CLASS_ID INT,
    SECTION_ID VARCHAR2(1),
    NEW_CLASS_ID INT NOT NULL,
    NEW_SECTION_ID VARCHAR2(1),
    REASON VARCHAR2(20) NOT NULL,
    EMP_ID NUMBER(10)
);

/* INSERT QUERY NO: 1 */
INSERT INTO HB_NEW_CLASS_ASSIGNMENT(NCA_ID, STUDENT_ID, CLASS_ID, SECTION_ID, NEW_CLASS_ID, NEW_SECTION_ID, REASON, EMP_ID)
VALUES
(
'NCA-0001', 'HB-0014', 7, 'A', 6, 'A', 'Mischeivous acts', 4000
);

/* INSERT QUERY NO: 2 */
INSERT INTO HB_NEW_CLASS_ASSIGNMENT(NCA_ID, STUDENT_ID, CLASS_ID, SECTION_ID, NEW_CLASS_ID, NEW_SECTION_ID, REASON, EMP_ID)
VALUES
(
'NCA-0002', 'HB-0015', 7, 'A', 6, 'A', 'Mischeivous acts', 4000
);


/* Showing results for Accompany_Record.xlsx */

/* CREATE TABLE */
CREATE TABLE HB_ACCOMPANY_RECORD(
    ACCOMPANY_ID VARCHAR2(6) PRIMARY KEY,
    STUDENT_ID VARCHAR(7),
    GUARD_ID NUMBER(10),
    IS_PREG NUMBER(1) DEFAULT 0,
    REASON VARCHAR2(20)
);

/* INSERT QUERY NO: 1 */
INSERT INTO HB_ACCOMPANY_RECORD(ACCOMPANY_ID, STUDENT_ID, GUARD_ID, IS_PREG, REASON)
VALUES
(
'A-0000', 'HB-0027', 3003, 0, 'No Assistance'
);

/* INSERT QUERY NO: 2 */
INSERT INTO HB_ACCOMPANY_RECORD(ACCOMPANY_ID, STUDENT_ID, GUARD_ID, IS_PREG, REASON)
VALUES
(
'A-0001', 'HB-0029', 3007, 1, 'Pregnant'
);

/* INSERT QUERY NO: 3 */
INSERT INTO HB_ACCOMPANY_RECORD(ACCOMPANY_ID, STUDENT_ID, GUARD_ID, IS_PREG, REASON)
VALUES
(
'A-0002', 'HB-0031', 3008, 0, 'No Assistance'
);

/* INSERT QUERY NO: 4 */
INSERT INTO HB_ACCOMPANY_RECORD(ACCOMPANY_ID, STUDENT_ID, GUARD_ID, IS_PREG, REASON)
VALUES
(
'A-0003', 'HB-0033', 3009, 0, 'No Assistance'
);


ALTER TABLE HB_PARENT_INFO ADD FOREIGN KEY (PARENT_ID) REFERENCES HB_PARENT (PARENT_ID);
ALTER TABLE HB_PARENT_INFO ADD FOREIGN KEY (PERSON_ID) REFERENCES HB_ADULT (PERSON_ID);

ALTER TABLE HB_GUARDIAN ADD FOREIGN KEY (PERSON_ID) REFERENCES HB_ADULT (PERSON_ID);

ALTER TABLE HB_EMPLOYEE ADD FOREIGN KEY (PERSON_ID) REFERENCES HB_ADULT (PERSON_ID);

ALTER TABLE HB_ADMITTED_STUDENT ADD FOREIGN KEY (CHILD_ID) REFERENCES HB_CHILD (CHILD_ID);
ALTER TABLE HB_ADMITTED_STUDENT ADD FOREIGN KEY (PARENT_ID) REFERENCES HB_PARENT (PARENT_ID);
ALTER TABLE HB_ADMITTED_STUDENT ADD FOREIGN KEY (GUARD_ID) REFERENCES HB_GUARDIAN (GUARD_ID);

/*
ALTER TABLE HB_STUDENT_HISTORY ADD FOREIGN KEY (STUDENT_ID) REFERENCES HB_ADMITTED_STUDENT (STUDENT_ID);
*/

ALTER TABLE HB_REGISTERATION ADD FOREIGN KEY (COURSE_ID) REFERENCES HB_COURSE (COURSE_ID);
ALTER TABLE HB_REGISTERATION ADD FOREIGN KEY (STUDENT_ID) REFERENCES HB_ADMITTED_STUDENT (STUDENT_ID);
/*
ALTER TABLE HB_REGISTERATION_HISTORY ADD FOREIGN KEY (COURSE_ID) REFERENCES HB_COURSE (COURSE_ID);
ALTER TABLE HB_REGISTERATION_HISTORY ADD FOREIGN KEY (STUDENT_ID) REFERENCES HB_ADMITTED_STUDENT (STUDENT_ID);
*/

ALTER TABLE HB_SECTION ADD FOREIGN KEY (CLASS_ID) REFERENCES HB_CLASS (CLASS_ID);
ALTER TABLE HB_SECTION ADD PRIMARY KEY (CLASS_ID,SECTION_ID);

ALTER TABLE HB_CLASS_ASSIGNMENT ADD FOREIGN KEY (CLASS_ID,SECTION_ID) REFERENCES HB_SECTION (CLASS_ID,SECTION_ID);
ALTER TABLE HB_CLASS_ASSIGNMENT ADD FOREIGN KEY (REG_ID) REFERENCES HB_REGISTERATION (REG_ID);
/*
ALTER TABLE HB_CLASS_ASSIGNMENT_HIST ADD FOREIGN KEY (CLASS_ID,SECTION_ID) REFERENCES HB_SECTION (CLASS_ID,SECTION_ID);
ALTER TABLE HB_CLASS_ASSIGNMENT_HIST ADD FOREIGN KEY (REG_ID) REFERENCES HB_REGISTERATION (REG_ID);
*/
ALTER TABLE HB_ACCOMPANY_RECORD ADD FOREIGN KEY (STUDENT_ID) REFERENCES HB_ADMITTED_STUDENT (STUDENT_ID);
ALTER TABLE HB_ACCOMPANY_RECORD ADD FOREIGN KEY (GUARD_ID) REFERENCES HB_GUARDIAN (GUARD_ID);

ALTER TABLE HB_NEW_CLASS_ASSIGNMENT ADD FOREIGN KEY (STUDENT_ID) REFERENCES HB_ADMITTED_STUDENT (STUDENT_ID);
ALTER TABLE HB_NEW_CLASS_ASSIGNMENT ADD FOREIGN KEY (CLASS_ID,SECTION_ID) REFERENCES HB_SECTION (CLASS_ID,SECTION_ID);
ALTER TABLE HB_NEW_CLASS_ASSIGNMENT ADD FOREIGN KEY (EMP_ID) REFERENCES HB_EMPLOYEE (EMP_ID);

/* ------------------------------- UPDATE TABLES AFTER INSERTION ------------------------------- */

/* UPDATE STUDENT TO ADD STUDENT */
INSERT INTO HB_REGISTERATION(REG_ID, COURSE_ID, STUDENT_ID, REG_CHALLAN_NUM, REG_FEE_AMOUNT, REG_DISCOUNT, REG_FINAL_AMOUNT, IS_PAID, REG_DATE)
VALUES
(
'RR-0031', 'BB200', 'HB-0003', 'RC-10030', 2000, 0, 2000, 1, TO_DATE('1/1/2020','mm/dd/yyyy')
);

INSERT INTO HB_REGISTERATION(REG_ID, COURSE_ID, STUDENT_ID, REG_CHALLAN_NUM, REG_FEE_AMOUNT, REG_DISCOUNT, REG_FINAL_AMOUNT, IS_PAID, REG_DATE)
VALUES
(
'RR-0032', 'BB200', 'HB-0004', 'RC-10031', 2000, 0, 2000, 1, TO_DATE('1/1/2020','mm/dd/yyyy')
);

INSERT INTO HB_REGISTERATION_HISTORY(REG_HIST_ID, REG_ID, COURSE_ID, STUDENT_ID, REG_CHALLAN_NUM, REG_FEE_AMOUNT, REG_DISCOUNT, REG_FINAL_AMOUNT, IS_PAID, REG_DATE)
VALUES
(
'RRH-0031', 'RR-0031', 'BB200', 'HB-0003', 'RC-10030', 2000, 0, 2000, 1, TO_DATE('1/1/2020','mm/dd/yyyy')
);

INSERT INTO HB_REGISTERATION_HISTORY(REG_HIST_ID, REG_ID, COURSE_ID, STUDENT_ID, REG_CHALLAN_NUM, REG_FEE_AMOUNT, REG_DISCOUNT, REG_FINAL_AMOUNT, IS_PAID, REG_DATE)
VALUES
(
'RRH-0032', 'RR-0032', 'BB200', 'HB-0004', 'RC-10031', 2000, 0, 2000, 1, TO_DATE('1/1/2020','mm/dd/yyyy')
);


/* assign studetns classes */
INSERT INTO HB_CLASS_ASSIGNMENT(CA_ID, CLASS_ID, SECTION_ID, REG_ID)
VALUES
(
'CA-0031', 8, 'A', 'RR-0031'
);
INSERT INTO HB_CLASS_ASSIGNMENT(CA_ID, CLASS_ID, SECTION_ID, REG_ID)
VALUES
(
'CA-0032', 8, 'A', 'RR-0032'
);

INSERT INTO HB_CLASS_ASSIGNMENT_HIST(CLASS_ID_HISTORY, CLASS_ID, SECTION_ID, REG_ID)
VALUES
(
'CID-0033', 8, 'A', 'RR-0031'
);
INSERT INTO HB_CLASS_ASSIGNMENT_HIST(CLASS_ID_HISTORY, CLASS_ID, SECTION_ID, REG_ID)
VALUES
(
'CID-0034', 8, 'A', 'RR-0032'
);


UPDATE HB_REGISTERATION SET REG_DATE = TO_DATE('1/1/2019','mm/dd/yyyy') WHERE REG_ID = 'RR-0031';
UPDATE HB_REGISTERATION SET REG_DATE = TO_DATE('1/1/2019','mm/dd/yyyy') WHERE REG_ID = 'RR-0032';
UPDATE HB_REGISTERATION_HISTORY SET REG_DATE = TO_DATE('1/1/2019','mm/dd/yyyy') WHERE REG_HIST_ID = 'RRH-0031';
UPDATE HB_REGISTERATION_HISTORY SET REG_DATE = TO_DATE('1/1/2019','mm/dd/yyyy') WHERE REG_HIST_ID = 'RRH-0032';


/* ------------------------------- VIEWS BEGIN HERE ------------------------------- */


/* A VIEW FOR ALL MOTHERS */
CREATE OR REPLACE VIEW MOTHERS AS
SELECT A.NAME, PI.PARENT_ID
FROM HB_ADULT A, HB_PARENT_INFO PI
WHERE PI.PERSON_ID = A.PERSON_ID AND A.GENDER = 'F'
ORDER BY PI.PARENT_ID;

/* A VIEW FOR ALL FATHERS */
CREATE OR REPLACE VIEW FATHERS AS
SELECT A.NAME, PI.PARENT_ID
FROM HB_ADULT A, HB_PARENT_INFO PI
WHERE PI.PERSON_ID = A.PERSON_ID AND A.GENDER = 'M'
ORDER BY PI.PARENT_ID;

/* A VIEW FOR ALL GUARDIANS */
CREATE OR REPLACE VIEW GUARDIANS AS
SELECT A.NAME GUARDIAN, G.GUARD_ID
FROM HB_ADULT A, HB_GUARDIAN G
WHERE G.PERSON_ID = A.PERSON_ID
ORDER BY G.GUARD_ID;

/* A VIEW FOR ALL PARENTS */
CREATE OR REPLACE VIEW PARENTS AS
SELECT DISTINCT PI.PARENT_ID, M.NAME MOMMY, F.NAME DADDY
FROM MOTHERS M, FATHERS F, HB_PARENT_INFO PI
WHERE PI.PARENT_ID = M.PARENT_ID AND PI.PARENT_ID = F.PARENT_ID
ORDER BY PI.PARENT_ID;

/* A VIEW OF CHILD INFO */
CREATE OR REPLACE VIEW CHILD_INFO AS
SELECT AD.STUDENT_ID STU_ID, AD.CHILD_ID CHILD_ID, C.NAME CHILD, P.MOMMY, P.DADDY, G.GUARDIAN
FROM HB_CHILD C, PARENTS P, HB_ADMITTED_STUDENT AD, GUARDIANS G
WHERE AD.PARENT_ID = P.PARENT_ID AND C.CHILD_ID = AD.CHILD_ID AND G.GUARD_ID = AD.GUARD_ID
ORDER BY P.PARENT_ID;

/* A VIEW OF CHILDREN WITH PARENTS WITH LISTAGG*/
CREATE OR REPLACE VIEW CHILDREN_PARENTS AS
SELECT  P.DADDY, P.MOMMY, LISTAGG('(' || AD.STUDENT_ID || ')' || ' ' || COALESCE(C.NAME, ' '), ', ') WITHIN GROUP (ORDER BY C.NAME) AS CHILDREN
FROM HB_CHILD C, PARENTS P, HB_ADMITTED_STUDENT AD
WHERE AD.PARENT_ID = P.PARENT_ID AND C.CHILD_ID = AD.CHILD_ID
GROUP BY P.MOMMY, P.DADDY;

/* A VIEW FOR SECTION WISE STUDENTS */
/* SET COLUMN SIZES */
COLUMN STUDENTS FORMAT A200;
COLUMN SECTION FORMAT A7;
COLUMN CHILDREN FORMAT A200;
COLUMN SIBLINGS FORMAT A200;

COLUMN AGE FORMAT A3;
CREATE OR REPLACE VIEW CLASS_STUDENTS AS
SELECT COUNT(AD.STUDENT_ID) COUNT, SEC.CLASS_ID, SEC.SECTION_ID SECTION, LISTAGG(C.NAME, ', ') WITHIN GROUP (ORDER BY C.NAME) AS STUDENTS
FROM HB_ADMITTED_STUDENT AD, HB_SECTION SEC, HB_REGISTERATION R, HB_CLASS_ASSIGNMENT CA, HB_CHILD C
WHERE AD.STUDENT_ID = R.STUDENT_ID AND CA.REG_ID = R.REG_ID AND SEC.CLASS_ID = CA.CLASS_ID AND SEC.SECTION_ID = CA.SECTION_ID AND C.CHILD_ID = AD.CHILD_ID
GROUP BY SEC.CLASS_ID, SEC.SECTION_ID;

/* A VIEW FOR COMPLETE CHILD INFO USING STUDENT ID */
CREATE OR REPLACE VIEW Complete_Child_Info as
SELECT AD.STUDENT_ID STU_ID, AD.CHILD_ID Cid, C.NAME Cname, C.AGE Cage, C.DOB CDoB, C.GENDER gender, C.B_FORM CBform
FROM HB_CHILD C,HB_ADMITTED_STUDENT AD
WHERE C.CHILD_ID = AD.CHILD_ID
ORDER BY AD.STUDENT_ID;

/* A VIEW FOR COMPLETE PARENTS INFO USING STUDENT_ID */
CREATE OR REPLACE VIEW Complete_MOMDAD_Info as
SELECT AD.STUDENT_ID STU_ID, A.PERSON_ID Mid, A.NAME Mname, A.CONTACT Mcontact, A.CNIC Mcnic, A.ADDRESS Maddress, A.EMAIL Memail, A.GENDER
FROM HB_ADULT A,HB_ADMITTED_STUDENT AD, HB_PARENT_INFO PI, CHILD_INFO CI
WHERE PI.PARENT_ID = AD.PARENT_ID AND A.PERSON_ID = PI.PERSON_ID AND CI.stu_id = AD.student_id
ORDER BY AD.STUDENT_ID;

/* A VIEW FOR COMPLETE GUARDIAN INFO USING STUDENT_ID */
CREATE OR REPLACE VIEW Complete_Guard_Info as
SELECT AD.STUDENT_ID STU_ID, G.GUARD_ID Gid,A.PERSON_ID Pid, A.NAME Gname, A.CONTACT Gcontact, A.CNIC Gcnic, A.ADDRESS Gaddress, A.EMAIL Gemail, A.GENDER Ggender, g.relation Grelation
FROM HB_ADULT A,HB_ADMITTED_STUDENT AD, HB_GUARDIAN G, CHILD_INFO CI
WHERE G.GUARD_ID = AD.GUARD_ID AND A.PERSON_ID = G.PERSON_ID AND CI.stu_id = AD.student_id
ORDER BY AD.STUDENT_ID;

/* ------------------------------- QUERIES BEGIN HERE ------------------------------- */

/* DELETE ENTRIES OF STUDENTS WHO ARE DORMANT FROM CURRENT REGISTERED STUDENT TABLE 'HB_REGISTERATION' AND 'HB_CLASS_ASSIGNMENT' */
DELETE FROM HB_CLASS_ASSIGNMENT WHERE REG_ID = ANY (SELECT REG_ID FROM HB_REGISTERATION WHERE  MONTHS_BETWEEN(SYSDATE,REG_DATE) >= 11);
DELETE FROM HB_REGISTERATION WHERE  MONTHS_BETWEEN(SYSDATE,REG_DATE) >= 11;

/*
SELECT * FROM HB_REGISTERATION;
SELECT MONTHS_BETWEEN(SYSDATE,REG_DATE) FROM HB_REGISTERATION WHERE STUDENT_ID = 'HB-0003';
SELECT * FROM HB_ADMITTED_STUDENT;


SELECT AD.STUDENT_ID,SYSDATE, AD.JOIN_DATE FROM HB_ADMITTED_STUDENT AD LEFT JOIN HB_REGISTERATION R ON (R.STUDENT_ID = AD.STUDENT_ID)
WHERE R.STUDENT_ID IS NULL AND MONTHS_BETWEEN(SYSDATE, AD.JOIN_DATE) > 12
ORDER BY AD.STUDENT_ID;


COMMIT;*/

/* 1. LIST OF ALL STUDENTS */
SELECT STU_ID, CHILD FROM CHILD_INFO ORDER BY STU_ID;

/* 2. LIST OF ALL MOTHERS AND THEIR SPOUSES */
SELECT * FROM PARENTS;

/* 3. LIST OF ALL GUARDIANS AND CHILDREN */
SELECT C.NAME STUDENT, A.NAME GUARDIAN, G.RELATION
FROM HB_CHILD C, HB_GUARDIAN G, HB_ADULT A, HB_ADMITTED_STUDENT AD
WHERE C.CHILD_ID = AD.CHILD_ID AND A.PERSON_ID = G.PERSON_ID AND AD.GUARD_ID = G.GUARD_ID;

/* 4. LIST OF ALL PARENTS AND THEIR CHILDREN */
SELECT * FROM CHILDREN_PARENTS;

/* 5. LIST FO ALL STUDETS WITH SIBLINGS BY CLASS */
SELECT COUNT(AD.STUDENT_ID) SIBLINGS_PER_CLASS, SEC.CLASS_ID, SEC.SECTION_ID SECTION, P.MOMMY, P.DADDY, LISTAGG(C.NAME, ', ') WITHIN GROUP (ORDER BY C.NAME) AS STUDENTS
FROM HB_ADMITTED_STUDENT AD, HB_SECTION SEC, HB_REGISTERATION R, HB_CLASS_ASSIGNMENT CA, HB_CHILD C, PARENTS P
WHERE AD.STUDENT_ID = R.STUDENT_ID AND CA.REG_ID = R.REG_ID AND SEC.CLASS_ID = CA.CLASS_ID AND SEC.SECTION_ID = CA.SECTION_ID AND C.CHILD_ID = AD.CHILD_ID AND P.PARENT_ID = AD.PARENT_ID
GROUP BY SEC.CLASS_ID, SEC.SECTION_ID, P.MOMMY, P.DADDY;

/* 6. ---- ASSUME THAT NEWLY ADMITTED TILL 12 MONTHS WITHIN ADMISSION ---- */
/* LIST OF ALL STUDENTS NEWLY REGISTERED AND NEWLY ADMITTED */
SELECT AD.STUDENT_ID,SYSDATE, R.REG_DATE, AD.JOIN_DATE FROM HB_REGISTERATION R, HB_ADMITTED_STUDENT AD
WHERE MONTHS_BETWEEN(SYSDATE, R.REG_DATE) < 12 AND MONTHS_BETWEEN(SYSDATE, AD.JOIN_DATE) < 12 AND AD.STUDENT_ID = R.STUDENT_ID;

/* LIST OF ALL STUDENTS NEWLY REGISTERED BUT NOT NEWLY ADMITTED */
SELECT AD.STUDENT_ID,SYSDATE, R.REG_DATE, AD.JOIN_DATE FROM HB_REGISTERATION R, HB_ADMITTED_STUDENT AD
WHERE MONTHS_BETWEEN(SYSDATE, R.REG_DATE) < 12 AND MONTHS_BETWEEN(SYSDATE, AD.JOIN_DATE) > 12 AND AD.STUDENT_ID = R.STUDENT_ID;
/* 6. ---- ASSUME THAT NEWLY ADMITTED TILL 12 MONTHS WITHIN ADMISSION ---- */

/* 7. LIST OF ALL STUDENTS IN CLASS IN GIVEN TIMESPAN GROUPED BY CLASS  (2020 AS GIVEN TIMESPAN) */
SELECT COUNT(AD.STUDENT_ID) COUNT, SEC.CLASS_ID, SEC.SECTION_ID SECTION, LISTAGG(C.NAME, ', ') WITHIN GROUP (ORDER BY C.NAME) AS STUDENTS
FROM HB_ADMITTED_STUDENT AD, HB_SECTION SEC, HB_REGISTERATION R, HB_CLASS_ASSIGNMENT CA, HB_CHILD C
WHERE AD.STUDENT_ID = R.STUDENT_ID AND CA.REG_ID = R.REG_ID AND SEC.CLASS_ID = CA.CLASS_ID AND SEC.SECTION_ID = CA.SECTION_ID AND C.CHILD_ID = AD.CHILD_ID
AND MONTHS_BETWEEN(TO_DATE('10/10/2020', 'MM/DD/YYYY'), R.REG_DATE) < 12 AND MONTHS_BETWEEN(TO_DATE('10/10/2020', 'MM/DD/YYYY'), AD.JOIN_DATE) < 12
GROUP BY SEC.CLASS_ID, SEC.SECTION_ID;

/* 8. LIST OF ALL NEW PARENTS (DEFAULT 12 MONTHS)(CHANGE NUMBER OF MONTHS RIGHT NEXT TO '<' OPERATORS) */
SELECT AD.STUDENT_ID, C.CHILD, C.DADDY, C.MOMMY,SYSDATE, R.REG_DATE, AD.JOIN_DATE FROM HB_REGISTERATION R, HB_ADMITTED_STUDENT AD, CHILD_INFO C
WHERE MONTHS_BETWEEN(SYSDATE, R.REG_DATE) < 12 AND MONTHS_BETWEEN(SYSDATE, AD.JOIN_DATE) < 12 AND AD.STUDENT_ID = R.STUDENT_ID AND AD.STUDENT_ID = C.STU_ID
ORDER BY AD.STUDENT_ID;

/* 9. LIST OF ALL STUDENTS WHO ARE EARLY INTRODUCERS */
SELECT CI.STU_ID, CI.CHILD, CI.DADDY, CI.MOMMY, CI.GUARDIAN, C.AGE FROM CHILD_INFO CI, HB_REGISTERATION R, HB_CHILD C
WHERE CI.STU_ID = R.STUDENT_ID AND CI.CHILD_ID = C.CHILD_ID AND C.AGE = 3;

/* 10. INDIVIDUAL CLASS CHANGE HISTORY (SUBJECT TO CHANGE TO ADD 'REASON' FOR CLASS CHANGE) */
SELECT * FROM HB_CLASS_ASSIGNMENT_HIST C, HB_REGISTERATION R WHERE R.STUDENT_ID = 'HB-0014' AND C.REG_ID = R.REG_ID;

/* 11. REPORT OF STUDENTS GROUPED BY CLASS */
COLUMN SECTION FORMAT A7;
COLUMN GENDER FORMAT A6;
SELECT SEC.CLASS_ID, SEC.SECTION_ID SECTION, AD.STUDENT_ID, C.NAME, C.AGE, C.GENDER GENDER
FROM HB_ADMITTED_STUDENT AD, HB_SECTION SEC, HB_REGISTERATION R, HB_CLASS_ASSIGNMENT CA, HB_CHILD C
WHERE AD.STUDENT_ID = R.STUDENT_ID AND CA.REG_ID = R.REG_ID AND SEC.CLASS_ID = CA.CLASS_ID AND SEC.SECTION_ID = CA.SECTION_ID AND C.CHILD_ID = AD.CHILD_ID
ORDER BY SEC.CLASS_ID, SEC.SECTION_ID;

/* 12. REPORT OF STUDENTS PER SECTION GROUPED BY GENDER (TO BE DONE USING ) */
SELECT SEC.CLASS_ID CLASS, SEC.SECTION_ID SECTION, C.GENDER, COUNT(C.GENDER) COUNT
FROM HB_ADMITTED_STUDENT AD, HB_SECTION SEC, HB_REGISTERATION R, HB_CLASS_ASSIGNMENT CA, HB_CHILD C
WHERE AD.STUDENT_ID = R.STUDENT_ID AND CA.REG_ID = R.REG_ID AND SEC.CLASS_ID = CA.CLASS_ID AND SEC.SECTION_ID = CA.SECTION_ID AND C.CHILD_ID = AD.CHILD_ID
GROUP BY SEC.CLASS_ID, SEC.SECTION_ID, C.GENDER
ORDER BY SEC.CLASS_ID, SEC.SECTION_ID;

/* 13. REPORT OF DORMANT STUDENTS */
SELECT AD.STUDENT_ID,SYSDATE, AD.JOIN_DATE 
FROM HB_ADMITTED_STUDENT AD LEFT JOIN HB_REGISTERATION R ON (R.STUDENT_ID = AD.STUDENT_ID)
WHERE R.STUDENT_ID IS NULL AND MONTHS_BETWEEN(SYSDATE, AD.JOIN_DATE) > 12
ORDER BY AD.STUDENT_ID;

/* 14. REPORT OF STUDENT'S INFO WITH CLASS HISTORY (ENTER STUDENT_ID) */
SELECT CI.STU_ID, CI.CHILD, CI.MOMMY, CI.DADDY, CI.GUARDIAN, CAH.CLASS_ID, CAH.SECTION_ID
FROM CHILD_INFO CI, HB_CLASS_ASSIGNMENT_HIST CAH, HB_REGISTERATION R
WHERE CI.STU_ID = R.STUDENT_ID AND R.REG_ID = CAH.REG_ID AND R.STUDENT_ID = 'HB-0015'
ORDER BY STU_ID;

/* 15. REPORT OF STUDENT'S INFO WITH PARENTS AND CURRENT CLASSES */
SELECT AD.STUDENT_ID, C.NAME, P.DADDY, P.MOMMY, SEC.CLASS_ID, SEC.SECTION_ID SECTION
FROM HB_ADMITTED_STUDENT AD, HB_SECTION SEC, HB_REGISTERATION R, HB_CLASS_ASSIGNMENT CA, HB_CHILD C, PARENTS P
WHERE AD.STUDENT_ID = R.STUDENT_ID AND CA.REG_ID = R.REG_ID AND SEC.CLASS_ID = CA.CLASS_ID AND SEC.SECTION_ID = CA.SECTION_ID AND C.CHILD_ID = AD.CHILD_ID AND P.PARENT_ID = AD.PARENT_ID
ORDER BY P.DADDY, P.MOMMY, AD.STUDENT_ID;


/* ------------------------------- EXTRA QUERIES BEGIN HERE ------------------------------- */


/* MOTHERS ONLY WITHOUT VIEWS */
SELECT A.NAME FROM HB_ADULT A, HB_PARENT_INFO PI
WHERE PI.PERSON_ID = A.PERSON_ID AND A.GENDER = 'F';

/* GUARDIANS OF STUDENTS */
SELECT C.NAME STUDENT, A.NAME GUARDIAN
FROM HB_CHILD C, HB_GUARDIAN G, HB_ADULT A, HB_ADMITTED_STUDENT AD
WHERE C.CHILD_ID = AD.CHILD_ID AND A.PERSON_ID = G.PERSON_ID AND AD.GUARD_ID = G.GUARD_ID;

/* ALL SIBLINGS WITH PARENT_ID */
SELECT PI.PARENT_ID, LISTAGG(C.NAME, ',') WITHIN GROUP (ORDER BY C.NAME) AS SIBLINGS
FROM   PARENTS PI, HB_ADMITTED_STUDENT AD, HB_CHILD C
WHERE PI.PARENT_ID = AD.PARENT_ID AND C.CHILD_ID = AD.CHILD_ID
GROUP BY PI.PARENT_ID;

/* IMPORVED CHILDREN WIHT PARENTS (LISTTAG) */
SELECT  P.DADDY, P.MOMMY, LISTAGG(C.NAME, ', ') WITHIN GROUP (ORDER BY C.NAME) AS CHILDREN
FROM HB_CHILD C, PARENTS P, HB_ADMITTED_STUDENT AD
WHERE AD.PARENT_ID = P.PARENT_ID AND C.CHILD_ID = AD.CHILD_ID
GROUP BY P.MOMMY, P.DADDY;

/* STUDETNS W.R.T. SECTIONS */
SELECT * FROM CLASS_STUDENTS;

/* ENROLLED FOR A COURSE */
SELECT * FROM HB_ADMITTED_STUDENT A, HB_REGISTERATION R
WHERE A.STUDENT_ID = R.STUDENT_ID;

/* ALL STUDENTS INFO WITH SECTION CHANGE HISTORY */
SELECT CI.STU_ID, CI.CHILD, CI.MOMMY, CI.DADDY, CI.GUARDIAN, CAH.CLASS_ID, CAH.SECTION_ID
FROM CHILD_INFO CI, HB_CLASS_ASSIGNMENT_HIST CAH, HB_REGISTERATION R
WHERE CI.STU_ID = R.STUDENT_ID AND R.REG_ID = CAH.REG_ID
ORDER BY STU_ID;